-2.0,-2.0,-2.0,-2.0,-2.0,-2.0,-2.0,-2.0,-2.0,-2.0,-2.0,-2.0,-2.0,-2.0,-2.0,-2.0,-2.0,-2.0,-2.0,-2.0,-2.0,-2.0,-2.0,-2.0,-2.0,-2.0,-2.0,-2.0,-2.0,-2.0,-2.0,-0.9977777777777779,-0.9977777777777779,-0.9977777777777779,-0.9977777777777779,-0.9977777777777779,-0.9977777777777779,-0.9977777777777779,-0.9977777777777779,-0.9977777777777779,-0.9977777777777779,-0.9977777777777779,-0.9977777777777779,-0.9977777777777779,-0.9977777777777779,-0.9977777777777779,-0.9977777777777779,-0.9977777777777779,-0.9977777777777779,-0.9977777777777779,-0.9977777777777779,
-2.0,-2.0,-2.0,-2.0,-2.0,-2.0,-2.0,-2.0,-2.0,-2.0,-2.0,-2.0,-2.0,-2.0,-2.0,-2.0,-2.0,-2.0,-2.0,-2.0,-2.0,-2.0,-2.0,-2.0,-2.0,-2.0,-2.0,-2.0,-2.0,-2.0,-2.0,-0.9977777777777779,-0.9977777777777779,-0.9977777777777779,-0.9977777777777779,-0.9977777777777779,-0.9977777777777779,-0.9977777777777779,-0.9977777777777779,-0.9977777777777779,-0.9977777777777779,-0.9977777777777779,-0.9977777777777779,-0.9977777777777779,-0.9977777777777779,-0.9977777777777779,-0.9977777777777779,-0.9977777777777779,-0.9977777777777779,-0.9977777777777779,-0.9977777777777779,
-2.0,-2.0,-2.0,-2.0,-2.0,-2.0,-2.0,-2.0,-2.0,-2.0,-2.0,-2.0,-2.0,-2.0,-2.0,-2.0,-2.0,-2.0,-2.0,-2.0,-2.0,-2.0,-2.0,-2.0,-2.0,-2.0,-2.0,-2.0,-2.0,-2.0,-2.0,-0.9977777777777779,-0.9933333333333334,-0.9977777777777779,-0.9977777777777779,-0.9977777777777779,-0.9977777777777779,-0.9977777777777779,-0.9977777777777779,-0.9977777777777779,-0.9977777777777779,-0.9977777777777779,-0.9977777777777779,-0.9977777777777779,-0.9977777777777779,-0.9977777777777779,-0.9977777777777779,-0.9977777777777779,-0.9977777777777779,-0.9977777777777779,-0.9977777777777779,
-2.0,-2.0,-2.0,-2.0,-2.0,-2.0,-2.0,-2.0,-2.0,-2.0,-2.0,-2.0,-2.0,-2.0,-2.0,-2.0,-2.0,-2.0,-2.0,-2.0,-2.0,-2.0,-2.0,-2.0,-2.0,-2.0,-2.0,-2.0,-2.0,-2.0,-2.0,-0.9977777777777779,-0.9044444444444444,-0.9977777777777779,-0.9977777777777779,-0.9977777777777779,-0.9977777777777779,-0.9244444444444444,-0.9977777777777779,-0.9977777777777779,-0.9977777777777779,-0.9977777777777779,-0.9977777777777779,-0.9977777777777779,-0.9977777777777779,-0.9977777777777779,-0.9977777777777779,-0.9977777777777779,-0.9977777777777779,-0.9977777777777779,-0.9977777777777779,
-2.0,-2.0,-2.0,-2.0,-2.0,-2.0,-2.0,-2.0,-2.0,-2.0,-2.0,-2.0,-2.0,-2.0,-2.0,-2.0,-2.0,-2.0,-2.0,-2.0,-2.0,-2.0,-2.0,-2.0,-2.0,-2.0,-2.0,-2.0,-2.0,-2.0,-2.0,-0.9977777777777779,-0.7955555555555556,-0.9977777777777779,-0.9977777777777779,-0.9977777777777779,-0.9977777777777779,-0.8377777777777777,-0.9977777777777779,-0.9977777777777779,-0.9666666666666666,-0.9977777777777779,-0.9977777777777779,-0.9977777777777779,-0.9555555555555555,-0.9977777777777779,-0.9977777777777779,-0.9977777777777779,-0.9977777777777779,-0.9644444444444444,-0.9977777777777779,
-2.0,-2.0,-2.0,-2.0,-2.0,-2.0,-2.0,-2.0,-2.0,-2.0,-2.0,-2.0,-2.0,-2.0,-2.0,-2.0,-2.0,-2.0,-2.0,-2.0,-2.0,-2.0,-2.0,-2.0,-2.0,-2.0,-2.0,-2.0,-2.0,-2.0,-2.0,-0.9977777777777779,-0.6422222222222222,-0.9977777777777779,-0.9977777777777779,-0.9977777777777779,-0.9977777777777779,-0.7244444444444444,-0.9977777777777779,-0.9977777777777779,-0.9066666666666667,-0.9977777777777779,-0.9977777777777779,-0.9977777777777779,-0.8755555555555556,-0.9977777777777779,-0.9977777777777779,-0.9977777777777779,-0.9977777777777779,-0.9111111111111112,-0.9977777777777779,
-2.0,-2.0,-2.0,-2.0,-2.0,-2.0,-2.0,-2.0,-2.0,-2.0,-2.0,-2.0,-2.0,-2.0,-2.0,-2.0,-2.0,-2.0,-2.0,-2.0,-2.0,-2.0,-2.0,-2.0,-2.0,-2.0,-2.0,-2.0,-2.0,-2.0,-2.0,-0.9622222222222223,-0.45999999999999996,-0.9533333333333334,-0.9977777777777779,-0.9977777777777779,-0.9822222222222223,-0.56,-0.9644444444444444,-0.9977777777777779,-0.8422222222222222,-0.9977777777777779,-0.9977777777777779,-0.991111111111111,-0.7844444444444445,-0.9422222222222223,-0.9977777777777779,-0.9977777777777779,-0.9733333333333334,-0.8511111111111112,-0.9177777777777778,
-2.0,-2.0,-2.0,-2.0,-2.0,-2.0,-2.0,-2.0,-2.0,-2.0,-2.0,-2.0,-2.0,-2.0,-2.0,-2.0,-2.0,-2.0,-2.0,-2.0,-2.0,-2.0,-2.0,-2.0,-2.0,-2.0,-2.0,-2.0,-2.0,-2.0,-2.0,-0.8777777777777778,-0.33777777777777773,-0.768888888888889,-0.9977777777777779,-0.9266666666666667,-0.8999999999999999,-0.37555555555555564,-0.8066666666666666,-0.9977777777777779,-0.74,-0.9977777777777779,-0.9066666666666667,-0.9066666666666667,-0.6244444444444444,-0.7955555555555556,-0.9977777777777779,-0.9844444444444445,-0.8799999999999999,-0.7733333333333334,-0.6511111111111112,
-2.0,-2.0,-2.0,-2.0,-2.0,-2.0,-2.0,-2.0,-2.0,-2.0,-2.0,-2.0,-2.0,-2.0,-2.0,-2.0,-2.0,-2.0,-2.0,-2.0,-2.0,-2.0,-2.0,-2.0,-2.0,-2.0,-2.0,-2.0,-2.0,-2.0,-2.0,-0.7533333333333334,-0.28222222222222215,-0.5244444444444445,-0.9977777777777779,-0.8577777777777778,-0.7844444444444445,-0.30000000000000004,-0.5822222222222222,-0.9977777777777779,-0.6044444444444443,-0.9977777777777779,-0.8155555555555556,-0.7733333333333334,-0.4244444444444444,-0.4555555555555555,-0.9977777777777779,-0.9333333333333333,-0.7577777777777779,-0.6422222222222222,-0.37555555555555564,
-2.0,-2.0,-2.0,-2.0,-2.0,-2.0,-2.0,-2.0,-2.0,-2.0,-2.0,-2.0,-2.0,-2.0,-2.0,-2.0,-2.0,-2.0,-2.0,-2.0,-2.0,-2.0,-2.0,-2.0,-2.0,-2.0,-2.0,-2.0,-2.0,-2.0,-2.0,-0.6044444444444443,-0.2533333333333334,-0.33111111111111113,-0.9977777777777779,-0.6977777777777778,-0.6355555555555557,-0.26222222222222213,-0.3600000000000001,-0.9977777777777779,-0.43333333333333335,-0.9977777777777779,-0.6622222222222223,-0.5133333333333334,-0.32000000000000006,-0.2911111111111111,-0.9977777777777779,-0.8799999999999999,-0.4866666666666666,-0.4111111111111112,-0.2866666666666666,
-2.0,-2.0,-2.0,-2.0,-2.0,-2.0,-2.0,-2.0,-2.0,-2.0,-2.0,-2.0,-2.0,-2.0,-2.0,-2.0,-2.0,-2.0,-2.0,-2.0,-2.0,-2.0,-2.0,-2.0,-2.0,-2.0,-2.0,-2.0,-2.0,-2.0,-2.0,-0.38888888888888884,-0.2333333333333334,-0.2666666666666666,-0.9977777777777779,-0.5977777777777777,-0.48222222222222233,-0.24,-0.28,-0.9977777777777779,-0.32444444444444454,-0.9977777777777779,-0.48444444444444446,-0.3466666666666667,-0.2777777777777777,-0.2577777777777779,-0.9155555555555555,-0.7911111111111111,-0.3466666666666667,-0.2933333333333332,-0.25111111111111106,
-2.0,-2.0,-2.0,-2.0,-2.0,-2.0,-2.0,-2.0,-2.0,-2.0,-2.0,-2.0,-2.0,-2.0,-2.0,-2.0,-2.0,-2.0,-2.0,-2.0,-2.0,-2.0,-2.0,-2.0,-2.0,-2.0,-2.0,-2.0,-2.0,-2.0,-2.0,-0.3177777777777777,-0.21777777777777785,-0.23777777777777787,-0.96,-0.4222222222222223,-0.34444444444444455,-0.22222222222222232,-0.2466666666666666,-0.96,-0.28,-0.9466666666666668,-0.37777777777777777,-0.28,-0.24888888888888894,-0.2333333333333334,-0.6977777777777778,-0.6377777777777778,-0.2933333333333332,-0.2577777777777779,-0.22666666666666657,
-2.0,-2.0,-2.0,-2.0,-1.9955555555555555,-2.0,-2.0,-2.0,-1.9933333333333334,-1.9866666666666666,-2.0,-2.0,-2.0,-1.988888888888889,-2.0,-2.0,-2.0,-2.0,-2.0,-2.0,-2.0,-2.0,-2.0,-2.0,-2.0,-1.988888888888889,-2.0,-2.0,-1.98,-2.0,-2.0,-0.27555555555555555,-0.20444444444444443,-0.21999999999999997,-0.72,-0.30666666666666664,-0.27555555555555555,-0.2088888888888889,-0.22444444444444445,-0.8666666666666667,-0.25555555555555554,-0.8488888888888888,-0.31333333333333324,-0.2577777777777779,-0.23111111111111104,-0.2155555555555555,-0.43333333333333335,-0.49111111111111105,-0.25555555555555554,-0.2333333333333334,-0.20666666666666678,
-2.0,-2.0,-2.0,-2.0,-1.9733333333333334,-2.0,-2.0,-2.0,-1.9755555555555555,-1.9577777777777778,-2.0,-2.0,-2.0,-1.968888888888889,-1.9777777777777779,-2.0,-1.98,-2.0,-2.0,-1.9755555555555555,-1.9933333333333334,-1.9977777777777779,-2.0,-2.0,-2.0,-1.968888888888889,-1.9755555555555555,-2.0,-1.96,-2.0,-2.0,-0.24888888888888894,-0.19333333333333336,-0.20444444444444443,-0.4044444444444444,-0.2533333333333334,-0.24444444444444446,-0.19777777777777783,-0.21111111111111103,-0.6422222222222222,-0.23555555555555552,-0.7711111111111111,-0.28,-0.24,-0.21777777777777785,-0.19999999999999996,-0.3488888888888888,-0.3622222222222222,-0.23777777777777787,-0.2155555555555555,-0.19555555555555548,
-2.0,-2.0,-2.0,-2.0,-1.951111111111111,-2.0,-2.0,-2.0,-1.9555555555555555,-1.9266666666666667,-2.0,-2.0,-2.0,-1.9466666666666668,-1.9444444444444444,-2.0,-1.96,-2.0,-2.0,-1.948888888888889,-1.9755555555555555,-1.9733333333333334,-2.0,-2.0,-1.9866666666666666,-1.9466666666666668,-1.9466666666666668,-2.0,-1.94,-2.0,-2.0,-0.22666666666666657,-0.1844444444444444,-0.19333333333333336,-0.3222222222222222,-0.23111111111111104,-0.22444444444444445,-0.18666666666666676,-0.19777777777777783,-0.31333333333333324,-0.21999999999999997,-0.36444444444444435,-0.26,-0.2155555555555555,-0.20666666666666678,-0.18888888888888888,-0.30222222222222217,-0.29555555555555557,-0.22222222222222232,-0.2022222222222223,-0.1844444444444444,
-2.0,-2.0,-2.0,-2.0,-1.931111111111111,-2.0,-1.9844444444444445,-2.0,-1.9355555555555555,-1.8933333333333333,-2.0,-1.9866666666666666,-1.98,-1.9266666666666667,-1.92,-2.0,-1.9422222222222223,-2.0,-2.0,-1.9222222222222223,-1.96,-1.9466666666666668,-2.0,-1.98,-1.9622222222222223,-1.9288888888888889,-1.9222222222222223,-2.0,-1.9177777777777778,-2.0,-1.9755555555555555,-0.2155555555555555,-0.17555555555555546,-0.18222222222222229,-0.27555555555555555,-0.2088888888888889,-0.2088888888888889,-0.17999999999999994,-0.1844444444444444,-0.2666666666666666,-0.20666666666666678,-0.30666666666666664,-0.23777777777777787,-0.20444444444444443,-0.19555555555555548,-0.17999999999999994,-0.25555555555555554,-0.26,-0.21111111111111103,-0.19333333333333336,-0.17555555555555546,
-2.0,-2.0,-2.0,-2.0,-1.9111111111111112,-2.0,-1.96,-2.0,-1.9155555555555555,-1.8599999999999999,-2.0,-1.96,-1.9577777777777778,-1.9044444444444444,-1.8977777777777778,-2.0,-1.9222222222222223,-2.0,-1.9933333333333334,-1.8977777777777778,-1.94,-1.92,-2.0,-1.9622222222222223,-1.9444444444444444,-1.9088888888888889,-1.8977777777777778,-2.0,-1.8977777777777778,-2.0,-1.9533333333333334,-0.20444444444444443,-0.16888888888888887,-0.17333333333333334,-0.24444444444444446,-0.19777777777777783,-0.19333333333333336,-0.1711111111111112,-0.17555555555555546,-0.22444444444444445,-0.19777777777777783,-0.26,-0.21999999999999997,-0.19333333333333336,-0.18666666666666676,-0.1711111111111112,-0.2333333333333334,-0.23777777777777787,-0.19999999999999996,-0.18222222222222229,-0.16666666666666674,
-2.0,-2.0,-2.0,-2.0,-1.8933333333333333,-2.0,-1.9333333333333333,-1.988888888888889,-1.8977777777777778,-1.8333333333333333,-1.9844444444444445,-1.9355555555555555,-1.9355555555555555,-1.8866666666666667,-1.8711111111111112,-2.0,-1.9022222222222223,-2.0,-1.98,-1.8755555555555556,-1.9222222222222223,-1.8955555555555557,-2.0,-1.9444444444444444,-1.9244444444444444,-1.8911111111111112,-1.8733333333333333,-2.0,-1.88,-2.0,-1.931111111111111,-0.19333333333333336,-0.16222222222222227,-0.1644444444444444,-0.22888888888888892,-0.18666666666666676,-0.1844444444444444,-0.1644444444444444,-0.16888888888888887,-0.2088888888888889,-0.18666666666666676,-0.25111111111111106,-0.20666666666666678,-0.1844444444444444,-0.1777777777777778,-0.1644444444444444,-0.20666666666666678,-0.21999999999999997,-0.191111111111111,-0.17333333333333334,-0.1577777777777778,
-2.0,-2.0,-2.0,-1.9955555555555555,-1.8733333333333333,-1.9666666666666666,-1.9155555555555555,-1.9644444444444444,-1.8822222222222222,-1.8044444444444445,-1.96,-1.9111111111111112,-1.9133333333333333,-1.8688888888888888,-1.84,-1.9555555555555555,-1.8844444444444444,-1.9866666666666666,-1.9622222222222223,-1.8488888888888888,-1.9044444444444444,-1.8711111111111112,-2.0,-1.9244444444444444,-1.9044444444444444,-1.8733333333333333,-1.8488888888888888,-2.0,-1.8577777777777778,-2.0,-1.9044444444444444,-0.1844444444444444,-0.15555555555555545,-0.1577777777777778,-0.20666666666666678,-0.1777777777777778,-0.17555555555555546,-0.15555555555555545,-0.16222222222222227,-0.19777777777777783,-0.17999999999999994,-0.23555555555555552,-0.19555555555555548,-0.1777777777777778,-0.1711111111111112,-0.1577777777777778,-0.19333333333333336,-0.20666666666666678,-0.1844444444444444,-0.16666666666666674,-0.1511111111111112,
-2.0,-2.0,-2.0,-1.9644444444444444,-1.8533333333333333,-1.9444444444444444,-1.9,-1.948888888888889,-1.8644444444444443,-1.771111111111111,-1.9288888888888889,-1.8911111111111112,-1.8933333333333333,-1.8533333333333333,-1.8155555555555556,-1.9244444444444444,-1.8644444444444443,-1.9622222222222223,-1.94,-1.8244444444444445,-1.8911111111111112,-1.8466666666666667,-2.0,-1.9066666666666667,-1.88,-1.8533333333333333,-1.8266666666666667,-1.9822222222222223,-1.8377777777777777,-2.0,-1.8844444444444444,-0.17555555555555546,-0.14888888888888885,-0.1511111111111112,-0.19777777777777783,-0.1711111111111112,-0.16666666666666674,-0.1511111111111112,-0.15555555555555545,-0.18888888888888888,-0.1711111111111112,-0.21999999999999997,-0.18666666666666676,-0.1711111111111112,-0.1644444444444444,-0.1511111111111112,-0.17999999999999994,-0.19333333333333336,-0.17555555555555546,-0.1577777777777778,-0.14666666666666672,
-2.0,-2.0,-2.0,-1.9466666666666668,-1.8333333333333333,-1.9222222222222223,-1.8822222222222222,-1.9333333333333333,-1.8466666666666667,-1.7377777777777776,-1.9133333333333333,-1.8711111111111112,-1.8777777777777778,-1.8355555555555556,-1.788888888888889,-1.8933333333333333,-1.8466666666666667,-1.94,-1.9222222222222223,-1.7977777777777777,-1.8733333333333333,-1.82,-1.9933333333333334,-1.8888888888888888,-1.8577777777777778,-1.8333333333333333,-1.8022222222222222,-1.948888888888889,-1.8155555555555556,-1.991111111111111,-1.8577777777777778,-0.16888888888888887,-0.14444444444444438,-0.14222222222222225,-0.18888888888888888,-0.16222222222222227,-0.15999999999999992,-0.14444444444444438,-0.14888888888888885,-0.17555555555555546,-0.1644444444444444,-0.21111111111111103,-0.1777777777777778,-0.1644444444444444,-0.1577777777777778,-0.14222222222222225,-0.17555555555555546,-0.1844444444444444,-0.16666666666666674,-0.1511111111111112,-0.1399999999999999,
-2.0,-2.0,-2.0,-1.931111111111111,-1.8133333333333332,-1.8911111111111112,-1.8644444444444443,-1.9177777777777778,-1.8288888888888888,-1.7066666666666666,-1.8844444444444444,-1.8466666666666667,-1.8622222222222222,-1.8155555555555556,-1.7577777777777777,-1.8666666666666667,-1.8266666666666667,-1.9266666666666667,-1.9066666666666667,-1.771111111111111,-1.8555555555555556,-1.7977777777777777,-1.9777777777777779,-1.8688888888888888,-1.8422222222222222,-1.8155555555555556,-1.7733333333333334,-1.9266666666666667,-1.7933333333333334,-1.9777777777777779,-1.8333333333333333,-0.16222222222222227,-0.13777777777777778,-0.13777777777777778,-0.1777777777777778,-0.1577777777777778,-0.15333333333333332,-0.13777777777777778,-0.14222222222222225,-0.16666666666666674,-0.1577777777777778,-0.19333333333333336,-0.1711111111111112,-0.15555555555555545,-0.1511111111111112,-0.13777777777777778,-0.1644444444444444,-0.17333333333333334,-0.15999999999999992,-0.14444444444444438,-0.1333333333333333,
-2.0,-2.0,-2.0,-1.9088888888888889,-1.7933333333333334,-1.8622222222222222,-1.8488888888888888,-1.8955555555555557,-1.8088888888888888,-1.6755555555555555,-1.8333333333333333,-1.82,-1.8444444444444446,-1.7977777777777777,-1.731111111111111,-1.84,-1.8066666666666666,-1.9022222222222223,-1.8888888888888888,-1.7444444444444445,-1.84,-1.7733333333333334,-1.96,-1.8511111111111112,-1.8266666666666667,-1.7955555555555556,-1.7466666666666666,-1.9044444444444444,-1.771111111111111,-1.9466666666666668,-1.8177777777777777,-0.15333333333333332,-0.1333333333333333,-0.1333333333333333,-0.16888888888888887,-0.1511111111111112,-0.14666666666666672,-0.1333333333333333,-0.13555555555555565,-0.1577777777777778,-0.1511111111111112,-0.18666666666666676,-0.16222222222222227,-0.14888888888888885,-0.14444444444444438,-0.1333333333333333,-0.15999999999999992,-0.16666666666666674,-0.15333333333333332,-0.1399999999999999,-0.12888888888888883,
-2.0,-2.0,-2.0,-1.8955555555555557,-1.7733333333333334,-1.8466666666666667,-1.8288888888888888,-1.8755555555555556,-1.791111111111111,-1.6400000000000001,-1.8133333333333332,-1.8044444444444445,-1.8244444444444445,-1.78,-1.7044444444444444,-1.8177777777777777,-1.7866666666666666,-1.8755555555555556,-1.8644444444444443,-1.7177777777777778,-1.8222222222222222,-1.7444444444444445,-1.9377777777777778,-1.8266666666666667,-1.8044444444444445,-1.7755555555555556,-1.7222222222222223,-1.8844444444444444,-1.748888888888889,-1.9288888888888889,-1.7955555555555556,-0.14888888888888885,-0.12888888888888883,-0.12888888888888883,-0.16222222222222227,-0.14444444444444438,-0.13777777777777778,-0.12888888888888883,-0.13111111111111118,-0.15333333333333332,-0.14444444444444438,-0.17999999999999994,-0.15555555555555545,-0.14444444444444438,-0.1399999999999999,-0.1266666666666667,-0.1511111111111112,-0.1577777777777778,-0.14666666666666672,-0.1333333333333333,-0.12222222222222223,
-2.0,-2.0,-2.0,-1.8688888888888888,-1.7533333333333334,-1.82,-1.8133333333333332,-1.8622222222222222,-1.771111111111111,-1.6044444444444443,-1.7933333333333334,-1.7822222222222222,-1.8044444444444445,-1.76,-1.6711111111111112,-1.7866666666666666,-1.768888888888889,-1.8533333333333333,-1.8488888888888888,-1.6955555555555555,-1.8044444444444445,-1.7133333333333334,-1.9244444444444444,-1.8022222222222222,-1.7822222222222222,-1.7533333333333334,-1.6911111111111112,-1.8599999999999999,-1.7266666666666666,-1.9244444444444444,-1.7755555555555556,-0.14444444444444438,-0.12222222222222223,-0.12444444444444436,-0.15333333333333332,-0.1399999999999999,-0.1333333333333333,-0.12444444444444436,-0.1266666666666667,-0.14666666666666672,-0.1399999999999999,-0.1711111111111112,-0.14888888888888885,-0.13777777777777778,-0.1333333333333333,-0.12222222222222223,-0.14666666666666672,-0.14888888888888885,-0.14222222222222225,-0.12888888888888883,-0.11777777777777776,
-2.0,-2.0,-2.0,-1.8488888888888888,-1.731111111111111,-1.7822222222222222,-1.7955555555555556,-1.84,-1.7533333333333334,-1.5666666666666667,-1.771111111111111,-1.76,-1.7844444444444445,-1.74,-1.6311111111111112,-1.7444444444444445,-1.7466666666666666,-1.8355555555555556,-1.8311111111111111,-1.6688888888888889,-1.7866666666666666,-1.6866666666666665,-1.9088888888888889,-1.7777777777777777,-1.7622222222222221,-1.731111111111111,-1.6666666666666667,-1.8333333333333333,-1.7022222222222223,-1.9022222222222223,-1.7533333333333334,-0.1399999999999999,-0.11777777777777776,-0.11777777777777776,-0.14444444444444438,-0.1333333333333333,-0.1266666666666667,-0.1200000000000001,-0.12222222222222223,-0.13777777777777778,-0.1333333333333333,-0.16222222222222227,-0.14444444444444438,-0.1333333333333333,-0.12888888888888883,-0.11777777777777776,-0.1399999999999999,-0.14444444444444438,-0.13555555555555565,-0.12444444444444436,-0.11333333333333329,
-2.0,-2.0,-1.991111111111111,-1.8266666666666667,-1.708888888888889,-1.7644444444444445,-1.7822222222222222,-1.8222222222222222,-1.7333333333333334,-1.528888888888889,-1.7355555555555555,-1.7355555555555555,-1.7644444444444445,-1.72,-1.6,-1.7044444444444444,-1.7244444444444444,-1.8244444444444445,-1.8088888888888888,-1.6400000000000001,-1.7666666666666666,-1.6511111111111112,-1.8866666666666667,-1.7622222222222221,-1.7377777777777776,-1.708888888888889,-1.6333333333333333,-1.8066666666666666,-1.6777777777777778,-1.8822222222222222,-1.7266666666666666,-0.13555555555555565,-0.11555555555555563,-0.11333333333333329,-0.1399999999999999,-0.12888888888888883,-0.12222222222222223,-0.11555555555555563,-0.11555555555555563,-0.13111111111111118,-0.12888888888888883,-0.15555555555555545,-0.13777777777777778,-0.12888888888888883,-0.12444444444444436,-0.11555555555555563,-0.13555555555555565,-0.13777777777777778,-0.13111111111111118,-0.11777777777777776,-0.10888888888888881,
-2.0,-2.0,-1.9644444444444444,-1.8066666666666666,-1.6844444444444444,-1.751111111111111,-1.76,-1.7977777777777777,-1.7133333333333334,-1.4866666666666668,-1.7133333333333334,-1.7066666666666666,-1.7377777777777776,-1.7,-1.568888888888889,-1.6822222222222223,-1.7,-1.7977777777777777,-1.791111111111111,-1.6088888888888888,-1.748888888888889,-1.6111111111111112,-1.8644444444444443,-1.74,-1.7177777777777778,-1.6844444444444444,-1.588888888888889,-1.7844444444444445,-1.6511111111111112,-1.8622222222222222,-1.6955555555555555,-0.12888888888888883,-0.11111111111111116,-0.10888888888888881,-0.1333333333333333,-0.12444444444444436,-0.11777777777777776,-0.11111111111111116,-0.11111111111111116,-0.12444444444444436,-0.12444444444444436,-0.14888888888888885,-0.1333333333333333,-0.12444444444444436,-0.1200000000000001,-0.11111111111111116,-0.1333333333333333,-0.1333333333333333,-0.12444444444444436,-0.11333333333333329,-0.10666666666666669,
-2.0,-2.0,-1.948888888888889,-1.78,-1.66,-1.7244444444444444,-1.7422222222222223,-1.7755555555555556,-1.6933333333333334,-1.4444444444444444,-1.7,-1.6822222222222223,-1.72,-1.6777777777777778,-1.5333333333333332,-1.6577777777777778,-1.6755555555555555,-1.7844444444444445,-1.7755555555555556,-1.568888888888889,-1.728888888888889,-1.5711111111111111,-1.8488888888888888,-1.7111111111111112,-1.6977777777777778,-1.6622222222222223,-1.5533333333333332,-1.7555555555555555,-1.6244444444444444,-1.8444444444444446,-1.6688888888888889,-0.12444444444444436,-0.10666666666666669,-0.10444444444444434,-0.1266666666666667,-0.11777777777777776,-0.11333333333333329,-0.10666666666666669,-0.10666666666666669,-0.11777777777777776,-0.1200000000000001,-0.1399999999999999,-0.12888888888888883,-0.1200000000000001,-0.11555555555555563,-0.10666666666666669,-0.1266666666666667,-0.1266666666666667,-0.1200000000000001,-0.10888888888888881,-0.10222222222222221,
-2.0,-2.0,-1.9288888888888889,-1.751111111111111,-1.6355555555555554,-1.6955555555555555,-1.72,-1.7577777777777777,-1.6688888888888889,-1.4044444444444446,-1.6666666666666667,-1.6577777777777778,-1.7,-1.6577777777777778,-1.488888888888889,-1.6066666666666667,-1.6511111111111112,-1.7577777777777777,-1.748888888888889,-1.5266666666666666,-1.7111111111111112,-1.5266666666666666,-1.8288888888888888,-1.6844444444444444,-1.6755555555555555,-1.6377777777777778,-1.517777777777778,-1.7333333333333334,-1.5955555555555556,-1.8288888888888888,-1.6444444444444444,-0.11777777777777776,-0.10222222222222221,-0.10000000000000009,-0.12222222222222223,-0.11555555555555563,-0.10888888888888881,-0.10222222222222221,-0.10444444444444434,-0.11333333333333329,-0.11555555555555563,-0.13555555555555565,-0.12222222222222223,-0.11555555555555563,-0.11111111111111116,-0.10222222222222221,-0.12222222222222223,-0.1200000000000001,-0.11555555555555563,-0.10444444444444434,-0.09777777777777774,
-2.0,-2.0,-1.9111111111111112,-1.72,-1.6088888888888888,-1.6822222222222223,-1.6955555555555555,-1.7355555555555555,-1.6422222222222222,-1.3599999999999999,-1.6555555555555554,-1.6288888888888888,-1.68,-1.6333333333333333,-1.451111111111111,-1.5644444444444445,-1.6244444444444444,-1.7355555555555555,-1.7355555555555555,-1.482222222222222,-1.6866666666666665,-1.488888888888889,-1.8088888888888888,-1.6577777777777778,-1.6511111111111112,-1.6111111111111112,-1.4755555555555555,-1.7022222222222223,-1.5644444444444445,-1.8044444444444445,-1.62,-0.11333333333333329,-0.10000000000000009,-0.09777777777777774,-0.1200000000000001,-0.10888888888888881,-0.10444444444444434,-0.10000000000000009,-0.10000000000000009,-0.11111111111111116,-0.11111111111111116,-0.12888888888888883,-0.11777777777777776,-0.11111111111111116,-0.10666666666666669,-0.09777777777777774,-0.11777777777777776,-0.11555555555555563,-0.11111111111111116,-0.10000000000000009,-0.09333333333333327,
-2.0,-2.0,-1.8955555555555557,-1.6844444444444444,-1.5822222222222222,-1.6511111111111112,-1.6733333333333333,-1.7177777777777778,-1.62,-1.3133333333333335,-1.6377777777777778,-1.5955555555555556,-1.6577777777777778,-1.6088888888888888,-1.4133333333333333,-1.528888888888889,-1.6,-1.7155555555555555,-1.7111111111111112,-1.442222222222222,-1.6688888888888889,-1.4533333333333334,-1.788888888888889,-1.6355555555555554,-1.6222222222222222,-1.5777777777777777,-1.4333333333333333,-1.6733333333333333,-1.5355555555555556,-1.791111111111111,-1.5911111111111111,-0.10888888888888881,-0.09555555555555562,-0.09333333333333327,-0.11333333333333329,-0.10444444444444434,-0.10000000000000009,-0.09555555555555562,-0.09555555555555562,-0.10444444444444434,-0.10666666666666669,-0.12444444444444436,-0.11333333333333329,-0.10666666666666669,-0.10444444444444434,-0.09333333333333327,-0.11333333333333329,-0.11111111111111116,-0.10666666666666669,-0.09777777777777774,-0.0888888888888888,
-2.0,-2.0,-1.8733333333333333,-1.6533333333333333,-1.5533333333333332,-1.6288888888888888,-1.6466666666666667,-1.6844444444444444,-1.5977777777777777,-1.2577777777777777,-1.6177777777777778,-1.5666666666666667,-1.6288888888888888,-1.5822222222222222,-1.3666666666666667,-1.48,-1.568888888888889,-1.6866666666666665,-1.6888888888888889,-1.4,-1.6444444444444444,-1.42,-1.768888888888889,-1.6111111111111112,-1.588888888888889,-1.548888888888889,-1.3955555555555557,-1.6333333333333333,-1.5022222222222221,-1.7666666666666666,-1.56,-0.10444444444444434,-0.09111111111111114,-0.09111111111111114,-0.11111111111111116,-0.10000000000000009,-0.09555555555555562,-0.09111111111111114,-0.09333333333333327,-0.10000000000000009,-0.10222222222222221,-0.12222222222222223,-0.11111111111111116,-0.10444444444444434,-0.10000000000000009,-0.09111111111111114,-0.10888888888888881,-0.10444444444444434,-0.10444444444444434,-0.09333333333333327,-0.08666666666666667,
-2.0,-2.0,-1.8577777777777778,-1.6266666666666667,-1.5222222222222221,-1.5777777777777777,-1.62,-1.66,-1.5711111111111111,-1.2022222222222223,-1.588888888888889,-1.537777777777778,-1.5933333333333333,-1.5555555555555556,-1.3244444444444445,-1.4444444444444444,-1.54,-1.6533333333333333,-1.6644444444444444,-1.3466666666666667,-1.62,-1.3755555555555556,-1.7533333333333334,-1.5844444444444443,-1.5622222222222222,-1.5155555555555555,-1.3422222222222222,-1.6088888888888888,-1.468888888888889,-1.7377777777777776,-1.528888888888889,-0.10000000000000009,-0.0888888888888888,-0.08666666666666667,-0.10888888888888881,-0.09555555555555562,-0.09333333333333327,-0.0888888888888888,-0.0888888888888888,-0.09555555555555562,-0.10000000000000009,-0.1200000000000001,-0.10444444444444434,-0.10000000000000009,-0.09555555555555562,-0.08666666666666667,-0.10666666666666669,-0.10000000000000009,-0.10000000000000009,-0.09111111111111114,-0.0822222222222222,
-2.0,-2.0,-1.8377777777777777,-1.5755555555555556,-1.491111111111111,-1.5555555555555556,-1.5933333333333333,-1.6288888888888888,-1.5466666666666666,-1.1355555555555554,-1.5622222222222222,-1.5,-1.5733333333333333,-1.5266666666666666,-1.2822222222222224,-1.4155555555555557,-1.508888888888889,-1.6333333333333333,-1.6400000000000001,-1.2955555555555556,-1.5933333333333333,-1.3466666666666667,-1.7333333333333334,-1.5533333333333332,-1.537777777777778,-1.48,-1.2888888888888888,-1.5822222222222222,-1.431111111111111,-1.7222222222222223,-1.5066666666666666,-0.09555555555555562,-0.08444444444444454,-0.0822222222222222,-0.10222222222222221,-0.09111111111111114,-0.09111111111111114,-0.08444444444444454,-0.08666666666666667,-0.09333333333333327,-0.09555555555555562,-0.11555555555555563,-0.10000000000000009,-0.09555555555555562,-0.09333333333333327,-0.08444444444444454,-0.10000000000000009,-0.09555555555555562,-0.09555555555555562,-0.08666666666666667,-0.08000000000000007,
-2.0,-2.0,-1.8066666666666666,-1.5222222222222221,-1.46,-1.5266666666666666,-1.56,-1.5866666666666667,-1.517777777777778,-1.0777777777777777,-1.5222222222222221,-1.468888888888889,-1.5444444444444445,-1.4933333333333332,-1.2355555555555555,-1.3688888888888888,-1.4755555555555555,-1.6,-1.6133333333333333,-1.26,-1.5666666666666667,-1.3155555555555556,-1.7177777777777778,-1.5244444444444445,-1.5133333333333332,-1.4466666666666668,-1.2222222222222223,-1.5422222222222222,-1.3933333333333333,-1.7022222222222223,-1.468888888888889,-0.09333333333333327,-0.08000000000000007,-0.08000000000000007,-0.09777777777777774,-0.08666666666666667,-0.08666666666666667,-0.0822222222222222,-0.0822222222222222,-0.0888888888888888,-0.09111111111111114,-0.11111111111111116,-0.09555555555555562,-0.09333333333333327,-0.0888888888888888,-0.08000000000000007,-0.09777777777777774,-0.09333333333333327,-0.09333333333333327,-0.0822222222222222,-0.07777777777777772,
-2.0,-2.0,-1.791111111111111,-1.468888888888889,-1.431111111111111,-1.482222222222222,-1.537777777777778,-1.5422222222222222,-1.491111111111111,-1.0222222222222221,-1.488888888888889,-1.4288888888888889,-1.508888888888889,-1.4644444444444444,-1.1955555555555555,-1.3177777777777777,-1.442222222222222,-1.5711111111111111,-1.5866666666666667,-1.1911111111111112,-1.54,-1.271111111111111,-1.7,-1.4955555555555555,-1.482222222222222,-1.411111111111111,-1.1533333333333333,-1.5,-1.3533333333333335,-1.6866666666666665,-1.4377777777777778,-0.0888888888888888,-0.07777777777777772,-0.0755555555555556,-0.09555555555555562,-0.08444444444444454,-0.08444444444444454,-0.07777777777777772,-0.08000000000000007,-0.08666666666666667,-0.0888888888888888,-0.10666666666666669,-0.09111111111111114,-0.0888888888888888,-0.08444444444444454,-0.0755555555555556,-0.09111111111111114,-0.08666666666666667,-0.0888888888888888,-0.08000000000000007,-0.07333333333333325,
-2.0,-2.0,-1.7777777777777777,-1.411111111111111,-1.4,-1.4533333333333334,-1.5066666666666666,-1.4977777777777779,-1.462222222222222,-0.9666666666666666,-1.4533333333333334,-1.3977777777777778,-1.48,-1.44,-1.1511111111111112,-1.2777777777777777,-1.4066666666666667,-1.551111111111111,-1.5622222222222222,-1.1333333333333333,-1.508888888888889,-1.2422222222222223,-1.68,-1.4666666666666668,-1.431111111111111,-1.3733333333333333,-1.088888888888889,-1.4755555555555555,-1.3155555555555556,-1.6688888888888889,-1.4066666666666667,-0.08666666666666667,-0.07333333333333325,-0.07333333333333325,-0.09111111111111114,-0.08000000000000007,-0.0822222222222222,-0.07333333333333325,-0.0755555555555556,-0.08444444444444454,-0.08444444444444454,-0.10222222222222221,-0.0888888888888888,-0.08444444444444454,-0.0822222222222222,-0.07333333333333325,-0.08444444444444454,-0.0822222222222222,-0.08444444444444454,-0.0755555555555556,-0.07111111111111112,
-2.0,-2.0,-1.7355555555555555,-1.3755555555555556,-1.3644444444444446,-1.4266666666666667,-1.4666666666666668,-1.4377777777777778,-1.431111111111111,-0.9177777777777778,-1.4222222222222223,-1.3511111111111112,-1.4444444444444444,-1.4066666666666667,-1.1044444444444443,-1.2422222222222223,-1.3733333333333333,-1.5244444444444445,-1.537777777777778,-1.08,-1.4777777777777779,-1.1955555555555555,-1.6577777777777778,-1.4288888888888889,-1.4044444444444446,-1.3355555555555556,-1.0244444444444445,-1.4444444444444444,-1.2755555555555556,-1.6577777777777778,-1.3733333333333333,-0.0822222222222222,-0.07111111111111112,-0.068888888888889,-0.08666666666666667,-0.07777777777777772,-0.07777777777777772,-0.07111111111111112,-0.07111111111111112,-0.08000000000000007,-0.08000000000000007,-0.09777777777777774,-0.08444444444444454,-0.08000000000000007,-0.07777777777777772,-0.07111111111111112,-0.0822222222222222,-0.08000000000000007,-0.08000000000000007,-0.07333333333333325,-0.06666666666666665,
-2.0,-2.0,-1.7222222222222223,-1.3177777777777777,-1.3288888888888888,-1.3266666666666667,-1.442222222222222,-1.4,-1.3955555555555557,-0.8577777777777778,-1.3666666666666667,-1.3199999999999998,-1.4044444444444446,-1.3733333333333333,-1.0466666666666666,-1.1933333333333334,-1.3355555555555556,-1.4733333333333334,-1.5044444444444445,-1.0155555555555555,-1.448888888888889,-1.1444444444444444,-1.6333333333333333,-1.3888888888888888,-1.371111111111111,-1.2977777777777777,-0.951111111111111,-1.4155555555555557,-1.2377777777777776,-1.6422222222222222,-1.3311111111111111,-0.08000000000000007,-0.06666666666666665,-0.06444444444444453,-0.08444444444444454,-0.07333333333333325,-0.0755555555555556,-0.068888888888889,-0.068888888888889,-0.08000000000000007,-0.07777777777777772,-0.09333333333333327,-0.08000000000000007,-0.07777777777777772,-0.0755555555555556,-0.06666666666666665,-0.07777777777777772,-0.07777777777777772,-0.07777777777777772,-0.068888888888889,-0.06444444444444453,
-2.0,-2.0,-1.6866666666666665,-1.2755555555555556,-1.2955555555555556,-1.271111111111111,-1.4044444444444446,-1.3488888888888888,-1.3622222222222222,-0.8044444444444445,-1.3288888888888888,-1.2866666666666666,-1.3644444444444446,-1.3377777777777777,-0.9733333333333334,-1.1177777777777778,-1.2977777777777777,-1.4444444444444444,-1.4755555555555555,-0.9488888888888889,-1.411111111111111,-1.0933333333333333,-1.6133333333333333,-1.3555555555555556,-1.3155555555555556,-1.2555555555555555,-0.8933333333333333,-1.3955555555555557,-1.1933333333333334,-1.6177777777777778,-1.3088888888888888,-0.07777777777777772,-0.06444444444444453,-0.06222222222222218,-0.07777777777777772,-0.068888888888889,-0.07111111111111112,-0.06444444444444453,-0.06666666666666665,-0.0755555555555556,-0.0755555555555556,-0.0888888888888888,-0.07777777777777772,-0.0755555555555556,-0.07111111111111112,-0.06222222222222218,-0.0755555555555556,-0.07333333333333325,-0.07333333333333325,-0.06666666666666665,-0.06222222222222218,
-2.0,-2.0,-1.6400000000000001,-1.2333333333333334,-1.2555555555555555,-1.1533333333333333,-1.3599999999999999,-1.2866666666666666,-1.3266666666666667,-0.7533333333333334,-1.2933333333333334,-1.2422222222222223,-1.3133333333333335,-1.3,-0.9022222222222223,-1.0422222222222222,-1.2577777777777777,-1.411111111111111,-1.442222222222222,-0.8755555555555556,-1.371111111111111,-1.057777777777778,-1.5933333333333333,-1.3111111111111111,-1.2577777777777777,-1.2177777777777776,-0.8355555555555556,-1.3511111111111112,-1.1466666666666665,-1.5955555555555556,-1.2755555555555556,-0.07333333333333325,-0.06000000000000005,-0.06000000000000005,-0.0755555555555556,-0.06666666666666665,-0.068888888888889,-0.06222222222222218,-0.06222222222222218,-0.07333333333333325,-0.07111111111111112,-0.08444444444444454,-0.07333333333333325,-0.07111111111111112,-0.068888888888889,-0.06000000000000005,-0.07333333333333325,-0.068888888888889,-0.068888888888889,-0.06444444444444453,-0.057777777777777706,
-2.0,-2.0,-1.5955555555555556,-1.1955555555555555,-1.2177777777777776,-1.088888888888889,-1.3177777777777777,-1.2177777777777776,-1.2866666666666666,-0.7133333333333334,-1.26,-1.1955555555555555,-1.2733333333333334,-1.2644444444444445,-0.8311111111111111,-0.9822222222222223,-1.2155555555555555,-1.3622222222222222,-1.4022222222222223,-0.8333333333333333,-1.3333333333333335,-0.991111111111111,-1.5777777777777777,-1.2644444444444445,-1.1977777777777778,-1.1755555555555555,-0.768888888888889,-1.3288888888888888,-1.0977777777777777,-1.56,-1.248888888888889,-0.07111111111111112,-0.057777777777777706,-0.05555555555555558,-0.068888888888889,-0.06222222222222218,-0.06666666666666665,-0.057777777777777706,-0.06000000000000005,-0.068888888888889,-0.068888888888889,-0.07777777777777772,-0.07111111111111112,-0.06666666666666665,-0.06444444444444453,-0.05555555555555558,-0.07111111111111112,-0.06444444444444453,-0.06666666666666665,-0.06000000000000005,-0.05555555555555558,
-2.0,-2.0,-1.58,-1.128888888888889,-1.1755555555555555,-1.028888888888889,-1.2755555555555556,-1.1533333333333333,-1.2466666666666666,-0.6733333333333333,-1.2222222222222223,-1.1600000000000001,-1.2311111111111113,-1.2222222222222223,-0.7733333333333334,-0.9022222222222223,-1.1711111111111112,-1.3399999999999999,-1.3622222222222222,-0.788888888888889,-1.2933333333333334,-0.94,-1.5555555555555556,-1.2111111111111112,-1.1533333333333333,-1.1333333333333333,-0.7266666666666666,-1.3066666666666666,-1.051111111111111,-1.5422222222222222,-1.2022222222222223,-0.068888888888889,-0.05555555555555558,-0.05333333333333323,-0.06666666666666665,-0.06000000000000005,-0.06222222222222218,-0.05555555555555558,-0.05555555555555558,-0.06666666666666665,-0.06444444444444453,-0.0755555555555556,-0.06666666666666665,-0.06222222222222218,-0.06222222222222218,-0.05333333333333323,-0.06666666666666665,-0.06222222222222218,-0.06444444444444453,-0.057777777777777706,-0.05333333333333323,
-2.0,-2.0,-1.5266666666666666,-1.0733333333333333,-1.1311111111111112,-0.94,-1.228888888888889,-1.0822222222222222,-1.208888888888889,-0.6399999999999999,-1.1533333333333333,-1.1266666666666667,-1.1622222222222223,-1.1866666666666665,-0.7244444444444444,-0.8422222222222222,-1.1266666666666667,-1.2933333333333334,-1.3155555555555556,-0.7511111111111111,-1.2533333333333334,-0.8822222222222222,-1.531111111111111,-1.1688888888888889,-1.0822222222222222,-1.0844444444444443,-0.6844444444444444,-1.2777777777777777,-1.0,-1.5266666666666666,-1.1600000000000001,-0.06444444444444453,-0.05111111111111111,-0.04888888888888898,-0.06222222222222218,-0.057777777777777706,-0.06000000000000005,-0.05333333333333323,-0.05333333333333323,-0.06000000000000005,-0.06222222222222218,-0.07111111111111112,-0.06444444444444453,-0.06000000000000005,-0.057777777777777706,-0.05111111111111111,-0.06222222222222218,-0.057777777777777706,-0.06000000000000005,-0.05333333333333323,-0.04888888888888898,
-2.0,-2.0,-1.5133333333333332,-1.031111111111111,-1.0822222222222222,-0.8600000000000001,-1.1888888888888889,-1.0022222222222221,-1.1733333333333333,-0.6111111111111112,-1.0555555555555556,-1.0822222222222222,-1.1155555555555554,-1.1422222222222222,-0.6822222222222223,-0.78,-1.0822222222222222,-1.2377777777777776,-1.271111111111111,-0.7133333333333334,-1.2044444444444444,-0.8266666666666667,-1.5,-1.1133333333333333,-1.0333333333333332,-1.0355555555555556,-0.6533333333333333,-1.2377777777777776,-0.9488888888888889,-1.4955555555555555,-1.108888888888889,-0.06222222222222218,-0.04888888888888898,-0.046666666666666634,-0.06000000000000005,-0.05555555555555558,-0.057777777777777706,-0.04888888888888898,-0.04888888888888898,-0.057777777777777706,-0.057777777777777706,-0.068888888888889,-0.06000000000000005,-0.057777777777777706,-0.05555555555555558,-0.046666666666666634,-0.057777777777777706,-0.05555555555555558,-0.057777777777777706,-0.05111111111111111,-0.046666666666666634,
-2.0,-2.0,-1.48,-0.9955555555555555,-1.028888888888889,-0.8044444444444445,-1.1422222222222222,-0.9466666666666668,-1.1311111111111112,-0.5866666666666667,-0.9777777777777779,-1.0466666666666666,-1.0644444444444443,-1.0977777777777777,-0.6444444444444444,-0.7222222222222223,-1.0333333333333332,-1.1555555555555554,-1.228888888888889,-0.6799999999999999,-1.1533333333333333,-0.768888888888889,-1.48,-1.0622222222222222,-0.9577777777777778,-0.9866666666666666,-0.6155555555555556,-1.2111111111111112,-0.8955555555555557,-1.4777777777777779,-1.068888888888889,-0.057777777777777706,-0.046666666666666634,-0.04444444444444451,-0.057777777777777706,-0.05111111111111111,-0.05333333333333323,-0.046666666666666634,-0.046666666666666634,-0.05555555555555558,-0.05555555555555558,-0.06444444444444453,-0.057777777777777706,-0.05333333333333323,-0.05333333333333323,-0.04444444444444451,-0.05555555555555558,-0.05111111111111111,-0.05555555555555558,-0.04888888888888898,-0.04444444444444451,
-2.0,-2.0,-1.4466666666666668,-0.9533333333333334,-0.9755555555555555,-0.7577777777777779,-1.0911111111111111,-0.8911111111111112,-1.0844444444444443,-0.5644444444444445,-0.9377777777777778,-0.991111111111111,-1.017777777777778,-1.0466666666666666,-0.6111111111111112,-0.6933333333333334,-0.9822222222222223,-1.1177777777777778,-1.1777777777777778,-0.6488888888888888,-1.1044444444444443,-0.7355555555555555,-1.46,-1.017777777777778,-0.8777777777777778,-0.931111111111111,-0.5888888888888888,-1.1711111111111112,-0.8377777777777777,-1.4355555555555557,-1.0222222222222221,-0.05555555555555558,-0.04222222222222216,-0.040000000000000036,-0.05333333333333323,-0.046666666666666634,-0.05111111111111111,-0.04444444444444451,-0.04222222222222216,-0.05333333333333323,-0.05111111111111111,-0.06000000000000005,-0.05555555555555558,-0.05111111111111111,-0.04888888888888898,-0.04222222222222216,-0.05333333333333323,-0.046666666666666634,-0.05333333333333323,-0.04444444444444451,-0.040000000000000036,
-2.0,-2.0,-1.4133333333333333,-0.9199999999999999,-0.9155555555555555,-0.6822222222222223,-1.0355555555555556,-0.8311111111111111,-1.0333333333333332,-0.5422222222222222,-0.8666666666666667,-0.9377777777777778,-0.9666666666666666,-0.991111111111111,-0.5822222222222222,-0.6644444444444444,-0.9266666666666667,-1.08,-1.1400000000000001,-0.6200000000000001,-1.0466666666666666,-0.6955555555555555,-1.4222222222222223,-0.9666666666666666,-0.8244444444444445,-0.8777777777777778,-0.5622222222222222,-1.1400000000000001,-0.7755555555555556,-1.3844444444444446,-0.9688888888888889,-0.05111111111111111,-0.040000000000000036,-0.03777777777777769,-0.04888888888888898,-0.04444444444444451,-0.04888888888888898,-0.040000000000000036,-0.040000000000000036,-0.04888888888888898,-0.04888888888888898,-0.057777777777777706,-0.05111111111111111,-0.046666666666666634,-0.046666666666666634,-0.03777777777777769,-0.04888888888888898,-0.04444444444444451,-0.04888888888888898,-0.04222222222222216,-0.03777777777777769,
-2.0,-2.0,-1.4022222222222223,-0.8844444444444444,-0.8555555555555556,-0.6622222222222223,-0.9844444444444445,-0.7755555555555556,-0.9844444444444445,-0.5177777777777777,-0.8244444444444445,-0.8866666666666667,-0.9022222222222223,-0.9333333333333333,-0.56,-0.6355555555555557,-0.8733333333333333,-1.0333333333333332,-1.0866666666666667,-0.5977777777777777,-0.9888888888888889,-0.6488888888888888,-1.4088888888888889,-0.9133333333333333,-0.7955555555555556,-0.8222222222222222,-0.5444444444444445,-1.1022222222222222,-0.7266666666666666,-1.3466666666666667,-0.8955555555555557,-0.04888888888888898,-0.03777777777777769,-0.03555555555555556,-0.046666666666666634,-0.04222222222222216,-0.046666666666666634,-0.03777777777777769,-0.03555555555555556,-0.046666666666666634,-0.046666666666666634,-0.05333333333333323,-0.04888888888888898,-0.04444444444444451,-0.04222222222222216,-0.03555555555555556,-0.04222222222222216,-0.04222222222222216,-0.046666666666666634,-0.040000000000000036,-0.03555555555555556,
0.004444444444444251,-1.52,-1.3199999999999998,-0.8400000000000001,-0.7911111111111111,-0.6200000000000001,-0.9333333333333333,-0.7022222222222223,-0.9266666666666667,-0.4955555555555555,-0.78,-0.8333333333333333,-0.8511111111111112,-0.8666666666666667,-0.5355555555555556,-0.6088888888888888,-0.8133333333333332,-0.9622222222222223,-1.0244444444444445,-0.5777777777777777,-0.9288888888888889,-0.6177777777777778,-1.3688888888888888,-0.8444444444444446,-0.7444444444444445,-0.7644444444444445,-0.5266666666666666,-1.068888888888889,-0.6822222222222223,-1.3199999999999998,-0.8355555555555556,-0.04444444444444451,-0.03333333333333344,-0.03111111111111109,-0.04222222222222216,-0.03777777777777769,-0.04222222222222216,-0.03555555555555556,-0.03333333333333344,-0.04444444444444451,-0.04222222222222216,-0.05111111111111111,-0.04444444444444451,-0.040000000000000036,-0.040000000000000036,-0.03111111111111109,-0.040000000000000036,-0.040000000000000036,-0.04444444444444451,-0.03555555555555556,-0.03111111111111109,
0.004444444444444251,-1.52,-1.3111111111111111,-0.7866666666666666,-0.7355555555555555,-0.6022222222222222,-0.8844444444444444,-0.6577777777777778,-0.8711111111111112,-0.47777777777777786,-0.7533333333333334,-0.788888888888889,-0.7822222222222222,-0.8022222222222222,-0.5133333333333334,-0.5933333333333333,-0.7577777777777779,-0.8822222222222222,-0.951111111111111,-0.5577777777777777,-0.8622222222222222,-0.5911111111111111,-1.3444444444444446,-0.7866666666666666,-0.7,-0.7222222222222223,-0.508888888888889,-1.0355555555555556,-0.6444444444444444,-1.3,-0.788888888888889,-0.04222222222222216,-0.03111111111111109,-0.028888888888888964,-0.040000000000000036,-0.03555555555555556,-0.040000000000000036,-0.03111111111111109,-0.03111111111111109,-0.040000000000000036,-0.040000000000000036,-0.04888888888888898,-0.04222222222222216,-0.03777777777777769,-0.03777777777777769,-0.028888888888888964,-0.03777777777777769,-0.03555555555555556,-0.040000000000000036,-0.03333333333333344,-0.028888888888888964,
0.004444444444444251,-1.52,-1.2933333333333334,-0.7577777777777779,-0.6844444444444444,-0.5911111111111111,-0.8200000000000001,-0.6244444444444444,-0.8200000000000001,-0.45999999999999996,-0.7133333333333334,-0.7422222222222221,-0.7466666666666666,-0.7488888888888889,-0.4955555555555555,-0.5644444444444445,-0.7088888888888889,-0.8022222222222222,-0.8600000000000001,-0.5377777777777777,-0.7977777777777777,-0.568888888888889,-1.3244444444444445,-0.7444444444444445,-0.6644444444444444,-0.6799999999999999,-0.49111111111111105,-0.9888888888888889,-0.6111111111111112,-1.26,-0.7288888888888889,-0.040000000000000036,-0.028888888888888964,-0.026666666666666616,-0.03555555555555556,-0.03111111111111109,-0.03555555555555556,-0.028888888888888964,-0.028888888888888964,-0.03777777777777769,-0.03777777777777769,-0.04444444444444451,-0.03777777777777769,-0.03555555555555556,-0.03333333333333344,-0.02444444444444449,-0.03333333333333344,-0.03333333333333344,-0.03777777777777769,-0.03111111111111109,-0.026666666666666616,
0.004444444444444251,-1.3377777777777777,-1.2755555555555556,-0.7244444444444444,-0.6422222222222222,-0.5533333333333332,-0.7733333333333334,-0.5933333333333333,-0.76,-0.44666666666666677,-0.6711111111111112,-0.7,-0.7133333333333334,-0.7066666666666668,-0.4755555555555555,-0.54,-0.6688888888888889,-0.7533333333333334,-0.7933333333333332,-0.5177777777777777,-0.7422222222222221,-0.5444444444444445,-1.3,-0.7022222222222223,-0.6266666666666667,-0.6399999999999999,-0.4755555555555555,-0.9555555555555555,-0.5800000000000001,-1.1977777777777778,-0.6888888888888889,-0.03555555555555556,-0.026666666666666616,-0.022222222222222143,-0.03555555555555556,-0.028888888888888964,-0.03333333333333344,-0.026666666666666616,-0.02444444444444449,-0.03555555555555556,-0.03333333333333344,-0.04222222222222216,-0.03555555555555556,-0.03111111111111109,-0.03111111111111109,-0.022222222222222143,-0.03111111111111109,-0.028888888888888964,-0.03333333333333344,-0.026666666666666616,-0.022222222222222143,
0.004444444444444251,-1.3377777777777777,-1.2311111111111113,-0.6977777777777778,-0.6022222222222222,-0.5355555555555556,-0.7333333333333334,-0.5666666666666667,-0.711111111111111,-0.43333333333333335,-0.6333333333333333,-0.6599999999999999,-0.6777777777777778,-0.6644444444444444,-0.4622222222222223,-0.52,-0.6333333333333333,-0.6866666666666668,-0.72,-0.4977777777777779,-0.6933333333333334,-0.528888888888889,-1.2533333333333334,-0.6733333333333333,-0.5955555555555556,-0.6022222222222222,-0.45777777777777784,-0.9155555555555555,-0.5555555555555556,-1.1644444444444444,-0.6533333333333333,-0.03333333333333344,-0.022222222222222143,-0.020000000000000018,-0.03111111111111109,-0.026666666666666616,-0.03111111111111109,-0.02444444444444449,-0.022222222222222143,-0.03333333333333344,-0.03111111111111109,-0.040000000000000036,-0.03333333333333344,-0.028888888888888964,-0.028888888888888964,-0.020000000000000018,-0.02444444444444449,-0.026666666666666616,-0.03111111111111109,-0.02444444444444449,-0.020000000000000018,
0.004444444444444251,-1.3377777777777777,-1.1555555555555554,-0.6666666666666667,-0.568888888888889,-0.5244444444444445,-0.691111111111111,-0.548888888888889,-0.6622222222222223,-0.41999999999999993,-0.5888888888888888,-0.6266666666666667,-0.6399999999999999,-0.6288888888888888,-0.4444444444444444,-0.5066666666666666,-0.6000000000000001,-0.6422222222222222,-0.6711111111111112,-0.48222222222222233,-0.6466666666666667,-0.508888888888889,-1.2177777777777776,-0.6399999999999999,-0.5711111111111111,-0.5733333333333333,-0.4422222222222223,-0.8711111111111112,-0.5311111111111111,-1.108888888888889,-0.6244444444444444,-0.028888888888888964,-0.020000000000000018,-0.01777777777777767,-0.028888888888888964,-0.022222222222222143,-0.026666666666666616,-0.020000000000000018,-0.020000000000000018,-0.03111111111111109,-0.026666666666666616,-0.03777777777777769,-0.028888888888888964,-0.02444444444444449,-0.026666666666666616,-0.015555555555555545,-0.020000000000000018,-0.02444444444444449,-0.028888888888888964,-0.022222222222222143,-0.01777777777777767,
0.004444444444444251,-1.3355555555555556,-1.0666666666666667,-0.6444444444444444,-0.5444444444444445,-0.5022222222222221,-0.6466666666666667,-0.5333333333333334,-0.6222222222222222,-0.40888888888888886,-0.5755555555555556,-0.5977777777777777,-0.6022222222222222,-0.5955555555555556,-0.431111111111111,-0.48222222222222233,-0.568888888888889,-0.6000000000000001,-0.6133333333333333,-0.46666666666666656,-0.6111111111111112,-0.49111111111111105,-1.1666666666666665,-0.6088888888888888,-0.5511111111111111,-0.5466666666666666,-0.4288888888888889,-0.8333333333333333,-0.5111111111111111,-1.0644444444444443,-0.5933333333333333,-0.026666666666666616,-0.01777777777777767,-0.015555555555555545,-0.02444444444444449,-0.020000000000000018,-0.02444444444444449,-0.01777777777777767,-0.01777777777777767,-0.026666666666666616,-0.02444444444444449,-0.03555555555555556,-0.02444444444444449,-0.022222222222222143,-0.022222222222222143,-0.01333333333333342,-0.01777777777777767,-0.022222222222222143,-0.026666666666666616,-0.01777777777777767,-0.015555555555555545,
0.004444444444444251,-1.3355555555555556,-0.788888888888889,-0.6155555555555556,-0.5177777777777777,-0.48444444444444446,-0.6088888888888888,-0.5133333333333334,-0.5888888888888888,-0.3933333333333333,-0.5644444444444445,-0.5666666666666667,-0.5733333333333333,-0.568888888888889,-0.41555555555555546,-0.4622222222222223,-0.5422222222222222,-0.5666666666666667,-0.5800000000000001,-0.45333333333333337,-0.5777777777777777,-0.47111111111111104,-1.1177777777777778,-0.5755555555555556,-0.5333333333333334,-0.5222222222222221,-0.41333333333333333,-0.7511111111111111,-0.49111111111111105,-1.0266666666666666,-0.5644444444444445,-0.022222222222222143,-0.01333333333333342,-0.01333333333333342,-0.02444444444444449,-0.01777777777777767,-0.020000000000000018,-0.015555555555555545,-0.01333333333333342,-0.026666666666666616,-0.022222222222222143,-0.03111111111111109,-0.022222222222222143,-0.020000000000000018,-0.020000000000000018,-0.011111111111111072,-0.015555555555555545,-0.01777777777777767,-0.022222222222222143,-0.015555555555555545,-0.011111111111111072,
0.004444444444444251,-1.3288888888888888,-0.6777777777777778,-0.5911111111111111,-0.4955555555555555,-0.45777777777777784,-0.5666666666666667,-0.4933333333333334,-0.5555555555555556,-0.37777777777777777,-0.5466666666666666,-0.5444444444444445,-0.5422222222222222,-0.54,-0.40222222222222226,-0.44666666666666677,-0.5177777777777777,-0.548888888888889,-0.5444444444444445,-0.4377777777777778,-0.5466666666666666,-0.451111111111111,-1.0711111111111111,-0.5533333333333332,-0.508888888888889,-0.5,-0.40222222222222226,-0.6866666666666668,-0.47111111111111104,-0.96,-0.54,-0.020000000000000018,-0.011111111111111072,-0.008888888888888946,-0.022222222222222143,-0.01333333333333342,-0.015555555555555545,-0.011111111111111072,-0.011111111111111072,-0.022222222222222143,-0.01777777777777767,-0.02444444444444449,-0.020000000000000018,-0.015555555555555545,-0.015555555555555545,-0.006666666666666599,-0.01333333333333342,-0.015555555555555545,-0.01777777777777767,-0.01333333333333342,-0.006666666666666599,
0.004444444444444251,-1.3288888888888888,-0.6266666666666667,-0.5666666666666667,-0.4733333333333334,-0.4377777777777778,-0.5444444444444445,-0.47777777777777786,-0.528888888888889,-0.3666666666666667,-0.5177777777777777,-0.528888888888889,-0.52,-0.5177777777777777,-0.38888888888888884,-0.4288888888888889,-0.4977777777777779,-0.5155555555555555,-0.5133333333333334,-0.4222222222222223,-0.52,-0.4377777777777778,-1.017777777777778,-0.5266666666666666,-0.4866666666666666,-0.48,-0.38888888888888884,-0.6377777777777778,-0.45333333333333337,-0.9177777777777778,-0.52,-0.01777777777777767,-0.008888888888888946,-0.006666666666666599,-0.020000000000000018,-0.011111111111111072,-0.01333333333333342,-0.008888888888888946,-0.008888888888888946,-0.020000000000000018,-0.015555555555555545,-0.022222222222222143,-0.01777777777777767,-0.01333333333333342,-0.01333333333333342,-0.004444444444444473,-0.011111111111111072,-0.01333333333333342,-0.015555555555555545,-0.008888888888888946,-0.004444444444444473,
0.004444444444444251,-1.3288888888888888,-0.6022222222222222,-0.5444444444444445,-0.4555555555555555,-0.40888888888888886,-0.5222222222222221,-0.45777777777777784,-0.5044444444444445,-0.3533333333333333,-0.5044444444444445,-0.5066666666666666,-0.4933333333333334,-0.4955555555555555,-0.37555555555555564,-0.40666666666666673,-0.4755555555555555,-0.5,-0.4933333333333334,-0.4111111111111112,-0.4977777777777779,-0.4244444444444444,-0.98,-0.5133333333333334,-0.47111111111111104,-0.4622222222222223,-0.37555555555555564,-0.5933333333333333,-0.4355555555555555,-0.8733333333333333,-0.4955555555555555,-0.01333333333333342,-0.006666666666666599,-0.004444444444444473,-0.015555555555555545,-0.008888888888888946,-0.011111111111111072,-0.006666666666666599,-0.004444444444444473,-0.015555555555555545,-0.01333333333333342,-0.01777777777777767,-0.01333333333333342,-0.008888888888888946,-0.011111111111111072,-0.0022222222222221255,-0.006666666666666599,-0.011111111111111072,-0.011111111111111072,-0.006666666666666599,-0.0022222222222221255,
0.004444444444444251,-1.2622222222222224,-0.5977777777777777,-0.5244444444444445,-0.4377777777777778,-0.40222222222222226,-0.48888888888888893,-0.4422222222222223,-0.48222222222222233,-0.3422222222222222,-0.48888888888888893,-0.4866666666666666,-0.47111111111111104,-0.4755555555555555,-0.3622222222222222,-0.3977777777777778,-0.45777777777777784,-0.47777777777777786,-0.4733333333333334,-0.3977777777777778,-0.4755555555555555,-0.40666666666666673,-0.8999999999999999,-0.4933333333333334,-0.4488888888888889,-0.4444444444444444,-0.36444444444444435,-0.548888888888889,-0.41999999999999993,-0.8022222222222222,-0.47777777777777786,-0.011111111111111072,-0.0022222222222221255,-0.0022222222222221255,-0.011111111111111072,-0.004444444444444473,-0.008888888888888946,-0.0022222222222221255,-0.0022222222222221255,-0.01333333333333342,-0.008888888888888946,-0.015555555555555545,-0.011111111111111072,-0.006666666666666599,-0.006666666666666599,0.0022222222222221255,-0.004444444444444473,-0.006666666666666599,-0.008888888888888946,-0.004444444444444473,0.0,
0.004444444444444251,-1.2622222222222224,-0.5800000000000001,-0.4955555555555555,-0.41999999999999993,-0.37777777777777777,-0.46444444444444444,-0.431111111111111,-0.46444444444444444,-0.33111111111111113,-0.47777777777777786,-0.4622222222222223,-0.4488888888888889,-0.4555555555555555,-0.3466666666666667,-0.38444444444444437,-0.43999999999999995,-0.4622222222222223,-0.451111111111111,-0.38444444444444437,-0.4555555555555555,-0.3933333333333333,-0.8688888888888888,-0.4755555555555555,-0.42666666666666675,-0.42666666666666675,-0.35111111111111115,-0.5266666666666666,-0.4044444444444444,-0.768888888888889,-0.45777777777777784,-0.006666666666666599,0.0,0.0022222222222221255,-0.011111111111111072,-0.0022222222222221255,-0.006666666666666599,0.0,0.0022222222222221255,-0.011111111111111072,-0.006666666666666599,-0.011111111111111072,-0.008888888888888946,-0.004444444444444473,-0.004444444444444473,0.0022222222222221255,0.0,-0.004444444444444473,-0.006666666666666599,0.0,0.0022222222222221255,
0.004444444444444251,-1.1866666666666665,-0.5311111111111111,-0.47111111111111104,-0.40222222222222226,-0.3622222222222222,-0.4377777777777778,-0.41555555555555546,-0.44666666666666677,-0.3222222222222222,-0.4622222222222223,-0.4488888888888889,-0.42666666666666675,-0.43999999999999995,-0.33333333333333326,-0.3688888888888888,-0.4222222222222223,-0.4422222222222223,-0.43333333333333335,-0.37111111111111117,-0.4355555555555555,-0.37777777777777777,-0.8,-0.4555555555555555,-0.40888888888888886,-0.40888888888888886,-0.3400000000000001,-0.5,-0.3911111111111112,-0.7377777777777779,-0.4444444444444444,-0.004444444444444473,0.0022222222222221255,0.0022222222222221255,-0.006666666666666599,0.0,-0.004444444444444473,0.0022222222222221255,0.0022222222222221255,-0.006666666666666599,-0.004444444444444473,-0.006666666666666599,-0.004444444444444473,-0.0022222222222221255,-0.0022222222222221255,0.0022222222222221255,0.0022222222222221255,-0.0022222222222221255,-0.0022222222222221255,0.0022222222222221255,0.0022222222222221255,
0.004444444444444251,-1.1866666666666665,-0.5266666666666666,-0.45777777777777784,-0.3866666666666667,-0.3488888888888888,-0.4222222222222223,-0.4044444444444444,-0.4288888888888889,-0.31333333333333324,-0.4422222222222223,-0.431111111111111,-0.4111111111111112,-0.4222222222222223,-0.32000000000000006,-0.3600000000000001,-0.40666666666666673,-0.4288888888888889,-0.4177777777777778,-0.3600000000000001,-0.4177777777777778,-0.3622222222222222,-0.731111111111111,-0.4377777777777778,-0.3911111111111112,-0.39555555555555566,-0.32666666666666666,-0.4755555555555555,-0.37555555555555564,-0.711111111111111,-0.42666666666666675,0.0,0.0022222222222221255,0.0022222222222221255,-0.0022222222222221255,0.0022222222222221255,0.0,0.0022222222222221255,0.0022222222222221255,-0.004444444444444473,0.0,-0.004444444444444473,-0.0022222222222221255,0.0022222222222221255,0.0022222222222221255,0.0022222222222221255,0.0022222222222221255,0.0,0.0,0.0022222222222221255,0.0022222222222221255,
0.004444444444444251,-1.1866666666666665,-0.5111111111111111,-0.44666666666666677,-0.3688888888888888,-0.33777777777777773,-0.40222222222222226,-0.3933333333333333,-0.4111111111111112,-0.30222222222222217,-0.4244444444444444,-0.41999999999999993,-0.3933333333333333,-0.4044444444444444,-0.308888888888889,-0.3488888888888888,-0.38888888888888884,-0.41999999999999993,-0.3977777777777778,-0.3466666666666667,-0.3999999999999999,-0.3533333333333333,-0.6955555555555555,-0.4222222222222223,-0.3799999999999999,-0.3799999999999999,-0.3155555555555556,-0.4488888888888889,-0.3622222222222222,-0.6666666666666667,-0.40888888888888886,0.0022222222222221255,0.0022222222222221255,0.0022222222222221255,0.0,0.0022222222222221255,0.0022222222222221255,0.0022222222222221255,0.0022222222222221255,0.0,0.0022222222222221255,-0.0022222222222221255,0.0022222222222221255,0.0022222222222221255,0.0022222222222221255,0.0022222222222221255,0.0022222222222221255,0.0022222222222221255,0.0022222222222221255,0.0022222222222221255,0.0022222222222221255,
0.004444444444444251,-1.1222222222222222,-0.4977777777777779,-0.42666666666666675,-0.3555555555555556,-0.33111111111111113,-0.38222222222222224,-0.37555555555555564,-0.39555555555555566,-0.288888888888889,-0.4044444444444444,-0.40222222222222226,-0.3799999999999999,-0.38888888888888884,-0.29555555555555557,-0.3422222222222222,-0.3733333333333333,-0.4044444444444444,-0.38222222222222224,-0.33111111111111113,-0.38444444444444437,-0.3400000000000001,-0.6644444444444444,-0.40222222222222226,-0.3622222222222222,-0.36444444444444435,-0.3044444444444445,-0.4244444444444444,-0.3488888888888888,-0.6333333333333333,-0.3933333333333333,0.0022222222222221255,0.0022222222222221255,0.0022222222222221255,0.0022222222222221255,0.0022222222222221255,0.0022222222222221255,0.0022222222222221255,0.0022222222222221255,0.0022222222222221255,0.0022222222222221255,0.0022222222222221255,0.0022222222222221255,0.0022222222222221255,0.0022222222222221255,0.0022222222222221255,0.0022222222222221255,0.0022222222222221255,0.0022222222222221255,0.0022222222222221255,0.0022222222222221255,
0.004444444444444251,-1.1222222222222222,-0.42666666666666675,-0.41333333333333333,-0.3400000000000001,-0.32000000000000006,-0.36444444444444435,-0.35777777777777775,-0.3799999999999999,-0.28,-0.38444444444444437,-0.38222222222222224,-0.3666666666666667,-0.3733333333333333,-0.2844444444444445,-0.33111111111111113,-0.35777777777777775,-0.38888888888888884,-0.3688888888888888,-0.32000000000000006,-0.3688888888888888,-0.3288888888888888,-0.6355555555555557,-0.3866666666666667,-0.3488888888888888,-0.3488888888888888,-0.2933333333333332,-0.3977777777777778,-0.3355555555555556,-0.5911111111111111,-0.3799999999999999,0.0022222222222221255,0.0022222222222221255,0.0022222222222221255,0.0022222222222221255,0.0022222222222221255,0.0022222222222221255,0.0022222222222221255,0.0022222222222221255,0.0022222222222221255,0.0022222222222221255,0.0022222222222221255,0.0022222222222221255,0.0022222222222221255,0.0022222222222221255,0.0022222222222221255,0.0022222222222221255,0.0022222222222221255,0.0022222222222221255,0.0022222222222221255,0.0022222222222221255,
0.004444444444444251,-1.051111111111111,-0.4222222222222223,-0.3999999999999999,-0.32666666666666666,-0.3111111111111111,-0.3488888888888888,-0.3422222222222222,-0.36444444444444435,-0.26888888888888896,-0.3666666666666667,-0.3666666666666667,-0.3533333333333333,-0.3600000000000001,-0.27555555555555555,-0.3177777777777777,-0.34444444444444455,-0.3799999999999999,-0.3488888888888888,-0.308888888888889,-0.3533333333333333,-0.3177777777777777,-0.5977777777777777,-0.3688888888888888,-0.33333333333333326,-0.3355555555555556,-0.28222222222222215,-0.38444444444444437,-0.3222222222222222,-0.5622222222222222,-0.3666666666666667,0.0022222222222221255,0.0022222222222221255,0.0022222222222221255,0.0022222222222221255,0.0022222222222221255,0.0022222222222221255,0.0022222222222221255,0.0022222222222221255,0.0022222222222221255,0.0022222222222221255,0.0022222222222221255,0.0022222222222221255,0.0022222222222221255,0.0022222222222221255,0.0022222222222221255,0.0022222222222221255,0.0022222222222221255,0.0022222222222221255,0.0022222222222221255,0.0022222222222221255,
0.004444444444444251,-1.051111111111111,-0.3977777777777778,-0.38888888888888884,-0.31333333333333324,-0.3044444444444445,-0.33333333333333326,-0.3288888888888888,-0.3488888888888888,-0.26,-0.3555555555555556,-0.35111111111111115,-0.34444444444444455,-0.34444444444444455,-0.26222222222222213,-0.30666666666666664,-0.3288888888888888,-0.36444444444444435,-0.3355555555555556,-0.29555555555555557,-0.33777777777777773,-0.3044444444444445,-0.5777777777777777,-0.3533333333333333,-0.3222222222222222,-0.3222222222222222,-0.27333333333333343,-0.3688888888888888,-0.308888888888889,-0.5244444444444445,-0.35777777777777775,0.0022222222222221255,0.0022222222222221255,0.0022222222222221255,0.0022222222222221255,0.0022222222222221255,0.0022222222222221255,0.0022222222222221255,0.0022222222222221255,0.0022222222222221255,0.0022222222222221255,0.0022222222222221255,0.0022222222222221255,0.0022222222222221255,0.0022222222222221255,0.0022222222222221255,0.0022222222222221255,0.0022222222222221255,0.0022222222222221255,0.0022222222222221255,0.0022222222222221255,
0.004444444444444251,-1.051111111111111,-0.3933333333333333,-0.3688888888888888,-0.30000000000000004,-0.2933333333333332,-0.32000000000000006,-0.32000000000000006,-0.33333333333333326,-0.2466666666666666,-0.3422222222222222,-0.3355555555555556,-0.33111111111111113,-0.33111111111111113,-0.25111111111111106,-0.2911111111111111,-0.3155555555555556,-0.3466666666666667,-0.32444444444444454,-0.2844444444444445,-0.3222222222222222,-0.29555555555555557,-0.548888888888889,-0.33777777777777773,-0.308888888888889,-0.308888888888889,-0.26222222222222213,-0.35777777777777775,-0.29555555555555557,-0.5133333333333334,-0.34444444444444455,0.0022222222222221255,0.0022222222222221255,0.0022222222222221255,0.0022222222222221255,0.0022222222222221255,0.0022222222222221255,0.0022222222222221255,0.0022222222222221255,0.0022222222222221255,0.0022222222222221255,0.0022222222222221255,0.0022222222222221255,0.0022222222222221255,0.0022222222222221255,0.0022222222222221255,0.0022222222222221255,0.0022222222222221255,0.0022222222222221255,0.0022222222222221255,0.0022222222222221255,
0.004444444444444251,-0.9933333333333334,-0.3733333333333333,-0.3488888888888888,-0.288888888888889,-0.28,-0.3044444444444445,-0.30666666666666664,-0.32000000000000006,-0.23777777777777787,-0.33111111111111113,-0.32000000000000006,-0.31333333333333324,-0.3155555555555556,-0.24222222222222212,-0.28,-0.30222222222222217,-0.3222222222222222,-0.308888888888889,-0.2711111111111111,-0.308888888888889,-0.2844444444444445,-0.5244444444444445,-0.3288888888888888,-0.2977777777777777,-0.29555555555555557,-0.25111111111111106,-0.3422222222222222,-0.28222222222222215,-0.48888888888888893,-0.33111111111111113,0.0022222222222221255,0.0022222222222221255,0.0022222222222221255,0.0022222222222221255,0.0022222222222221255,0.0022222222222221255,0.0022222222222221255,0.0022222222222221255,0.0022222222222221255,0.0022222222222221255,0.0022222222222221255,0.0022222222222221255,0.0022222222222221255,0.0022222222222221255,0.0022222222222221255,0.0022222222222221255,0.0022222222222221255,0.0022222222222221255,0.0022222222222221255,0.0022222222222221255,
0.004444444444444251,-0.9933333333333334,-0.37111111111111117,-0.3355555555555556,-0.27555555555555555,-0.2711111111111111,-0.288888888888889,-0.2933333333333332,-0.30666666666666664,-0.22666666666666657,-0.32000000000000006,-0.30666666666666664,-0.2977777777777777,-0.3044444444444445,-0.23111111111111104,-0.26888888888888896,-0.288888888888889,-0.3155555555555556,-0.2911111111111111,-0.26222222222222213,-0.2933333333333332,-0.27333333333333343,-0.5044444444444445,-0.30666666666666664,-0.2844444444444445,-0.2844444444444445,-0.24,-0.33111111111111113,-0.2711111111111111,-0.4688888888888889,-0.3155555555555556,0.0022222222222221255,0.0022222222222221255,0.0022222222222221255,0.0022222222222221255,0.0022222222222221255,0.0022222222222221255,0.0022222222222221255,0.0022222222222221255,0.0022222222222221255,0.0022222222222221255,0.0022222222222221255,0.0022222222222221255,0.0022222222222221255,0.0022222222222221255,0.0022222222222221255,0.0022222222222221255,0.0022222222222221255,0.0022222222222221255,0.0022222222222221255,0.0022222222222221255,
0.004444444444444251,-0.7288888888888889,-0.3533333333333333,-0.32000000000000006,-0.2644444444444445,-0.26222222222222213,-0.2777777777777777,-0.28,-0.2911111111111111,-0.2155555555555555,-0.308888888888889,-0.29555555555555557,-0.2844444444444445,-0.2911111111111111,-0.21999999999999997,-0.2577777777777779,-0.27555555555555555,-0.30666666666666664,-0.28,-0.25111111111111106,-0.28,-0.26,-0.4933333333333334,-0.2933333333333332,-0.26888888888888896,-0.2711111111111111,-0.22888888888888892,-0.3111111111111111,-0.2577777777777779,-0.451111111111111,-0.3044444444444445,0.0022222222222221255,0.0022222222222221255,0.0022222222222221255,0.0022222222222221255,0.0022222222222221255,0.0022222222222221255,0.0022222222222221255,0.0022222222222221255,0.0022222222222221255,0.0022222222222221255,0.0022222222222221255,0.0022222222222221255,0.0022222222222221255,0.0022222222222221255,0.0022222222222221255,0.0022222222222221255,0.0022222222222221255,0.0022222222222221255,0.0022222222222221255,0.0022222222222221255,
0.004444444444444251,-0.7288888888888889,-0.3466666666666667,-0.308888888888889,-0.25111111111111106,-0.2466666666666666,-0.26222222222222213,-0.26888888888888896,-0.2777777777777777,-0.20444444444444443,-0.2844444444444445,-0.28,-0.26888888888888896,-0.27555555555555555,-0.2088888888888889,-0.2466666666666666,-0.26222222222222213,-0.288888888888889,-0.26222222222222213,-0.24,-0.26888888888888896,-0.24888888888888894,-0.4733333333333334,-0.28,-0.2577777777777779,-0.2577777777777779,-0.21777777777777785,-0.30000000000000004,-0.2466666666666666,-0.4244444444444444,-0.2911111111111111,0.0022222222222221255,0.0022222222222221255,0.0022222222222221255,0.0022222222222221255,0.0022222222222221255,0.0022222222222221255,0.0022222222222221255,0.0022222222222221255,0.0022222222222221255,0.0022222222222221255,0.0022222222222221255,0.0022222222222221255,0.0022222222222221255,0.0022222222222221255,0.0022222222222221255,0.0022222222222221255,0.0022222222222221255,0.0022222222222221255,0.0022222222222221255,0.0022222222222221255,
0.004444444444444251,-0.7288888888888889,-0.3355555555555556,-0.288888888888889,-0.23777777777777787,-0.2333333333333334,-0.25111111111111106,-0.26,-0.26222222222222213,-0.19555555555555548,-0.26888888888888896,-0.2644444444444445,-0.2577777777777779,-0.2644444444444445,-0.19777777777777783,-0.23555555555555552,-0.24888888888888894,-0.27555555555555555,-0.25111111111111106,-0.23111111111111104,-0.25555555555555554,-0.24,-0.45333333333333337,-0.2666666666666666,-0.24444444444444446,-0.2466666666666666,-0.20444444444444443,-0.2844444444444445,-0.2333333333333334,-0.4111111111111112,-0.2777777777777777,0.0022222222222221255,0.0022222222222221255,0.0022222222222221255,0.0022222222222221255,0.0022222222222221255,0.0022222222222221255,0.0022222222222221255,0.0022222222222221255,0.0022222222222221255,0.0022222222222221255,0.0022222222222221255,0.0022222222222221255,0.0022222222222221255,0.0022222222222221255,0.0022222222222221255,0.0022222222222221255,0.0022222222222221255,0.0022222222222221255,0.0022222222222221255,0.0022222222222221255,
0.004444444444444251,-0.6844444444444444,-0.3288888888888888,-0.2777777777777777,-0.22666666666666657,-0.22888888888888892,-0.23777777777777787,-0.25111111111111106,-0.25111111111111106,-0.1844444444444444,-0.2577777777777779,-0.24888888888888894,-0.2466666666666666,-0.25111111111111106,-0.18666666666666676,-0.22666666666666657,-0.23555555555555552,-0.26,-0.24,-0.21777777777777785,-0.24,-0.22666666666666657,-0.43333333333333335,-0.2533333333333334,-0.22888888888888892,-0.23111111111111104,-0.19555555555555548,-0.27333333333333343,-0.21999999999999997,-0.3977777777777778,-0.2644444444444445,0.0022222222222221255,0.0022222222222221255,0.0022222222222221255,0.0022222222222221255,0.0022222222222221255,0.0022222222222221255,0.0022222222222221255,0.0022222222222221255,0.0022222222222221255,0.0022222222222221255,0.0022222222222221255,0.0022222222222221255,0.0022222222222221255,0.0022222222222221255,0.0022222222222221255,0.0022222222222221255,0.0022222222222221255,0.0022222222222221255,0.0022222222222221255,0.0022222222222221255,
0.004444444444444251,-0.6844444444444444,-0.3111111111111111,-0.2644444444444445,-0.21333333333333337,-0.21777777777777785,-0.22444444444444445,-0.24222222222222212,-0.23777777777777787,-0.1711111111111112,-0.24444444444444446,-0.23111111111111104,-0.2333333333333334,-0.23777777777777787,-0.17555555555555546,-0.21333333333333337,-0.22222222222222232,-0.24888888888888894,-0.22666666666666657,-0.20666666666666678,-0.22888888888888892,-0.2155555555555555,-0.4177777777777778,-0.23555555555555552,-0.21777777777777785,-0.21999999999999997,-0.1844444444444444,-0.26,-0.2088888888888889,-0.38222222222222224,-0.25111111111111106,0.0022222222222221255,0.0022222222222221255,0.0022222222222221255,0.0022222222222221255,0.0022222222222221255,0.0022222222222221255,0.0022222222222221255,0.0022222222222221255,0.0022222222222221255,0.0022222222222221255,0.0022222222222221255,0.0022222222222221255,0.0022222222222221255,0.0022222222222221255,0.0022222222222221255,0.0022222222222221255,0.0022222222222221255,0.0022222222222221255,0.0022222222222221255,0.0022222222222221255,
0.004444444444444251,-0.6511111111111112,-0.2977777777777777,-0.24,-0.2022222222222223,-0.20666666666666678,-0.21111111111111103,-0.23111111111111104,-0.22666666666666657,-0.16222222222222227,-0.23555555555555552,-0.21777777777777785,-0.21999999999999997,-0.22444444444444445,-0.1644444444444444,-0.2022222222222223,-0.2088888888888889,-0.24,-0.21111111111111103,-0.19555555555555548,-0.21333333333333337,-0.2022222222222223,-0.3866666666666667,-0.22666666666666657,-0.20444444444444443,-0.2088888888888889,-0.17333333333333334,-0.2466666666666666,-0.19777777777777783,-0.35111111111111115,-0.24,0.0022222222222221255,0.0022222222222221255,0.0022222222222221255,0.0022222222222221255,0.0022222222222221255,0.0022222222222221255,0.0022222222222221255,0.0022222222222221255,0.0022222222222221255,0.0022222222222221255,0.0022222222222221255,0.0022222222222221255,0.0022222222222221255,0.0022222222222221255,0.0022222222222221255,0.0022222222222221255,0.0022222222222221255,0.0022222222222221255,0.0022222222222221255,0.0022222222222221255,
0.004444444444444251,-0.6511111111111112,-0.28,-0.22888888888888892,-0.18888888888888888,-0.191111111111111,-0.19555555555555548,-0.21999999999999997,-0.21111111111111103,-0.14888888888888885,-0.21999999999999997,-0.20444444444444443,-0.20666666666666678,-0.21111111111111103,-0.15333333333333332,-0.18666666666666676,-0.19555555555555548,-0.21999999999999997,-0.2022222222222223,-0.18222222222222229,-0.2022222222222223,-0.191111111111111,-0.3622222222222222,-0.21111111111111103,-0.19333333333333336,-0.19555555555555548,-0.15999999999999992,-0.2333333333333334,-0.1844444444444444,-0.3355555555555556,-0.22666666666666657,0.0022222222222221255,0.0022222222222221255,0.0022222222222221255,0.0022222222222221255,0.0022222222222221255,0.0022222222222221255,0.0022222222222221255,0.0022222222222221255,0.0022222222222221255,0.0022222222222221255,0.0022222222222221255,0.0022222222222221255,0.0022222222222221255,0.0022222222222221255,0.0022222222222221255,0.0022222222222221255,0.0022222222222221255,0.0022222222222221255,0.0022222222222221255,0.0022222222222221255,
0.004444444444444251,-0.6511111111111112,-0.27555555555555555,-0.21777777777777785,-0.17555555555555546,-0.17999999999999994,-0.18222222222222229,-0.20666666666666678,-0.19777777777777783,-0.13777777777777778,-0.21111111111111103,-0.191111111111111,-0.19555555555555548,-0.19777777777777783,-0.1399999999999999,-0.1711111111111112,-0.18222222222222229,-0.21111111111111103,-0.191111111111111,-0.1711111111111112,-0.18888888888888888,-0.17555555555555546,-0.34444444444444455,-0.19555555555555548,-0.18222222222222229,-0.1844444444444444,-0.14888888888888885,-0.21777777777777785,-0.17333333333333334,-0.308888888888889,-0.21333333333333337,0.0022222222222221255,0.0022222222222221255,0.0022222222222221255,0.0022222222222221255,0.0022222222222221255,0.0022222222222221255,0.0022222222222221255,0.0022222222222221255,0.0022222222222221255,0.0022222222222221255,0.0022222222222221255,0.0022222222222221255,0.0022222222222221255,0.0022222222222221255,0.0022222222222221255,0.0022222222222221255,0.0022222222222221255,0.0022222222222221255,0.0022222222222221255,0.0022222222222221255,
0.004444444444444251,-0.508888888888889,-0.2666666666666666,-0.2022222222222223,-0.1644444444444444,-0.16666666666666674,-0.16888888888888887,-0.19555555555555548,-0.1844444444444444,-0.1266666666666667,-0.19333333333333336,-0.17555555555555546,-0.17999999999999994,-0.18666666666666676,-0.12888888888888883,-0.1644444444444444,-0.16888888888888887,-0.19555555555555548,-0.1777777777777778,-0.1577777777777778,-0.17555555555555546,-0.1644444444444444,-0.3177777777777777,-0.1844444444444444,-0.16666666666666674,-0.1711111111111112,-0.13777777777777778,-0.2088888888888889,-0.15999999999999992,-0.288888888888889,-0.19999999999999996,0.0022222222222221255,0.0022222222222221255,0.0022222222222221255,0.0022222222222221255,0.0022222222222221255,0.0022222222222221255,0.0022222222222221255,0.0022222222222221255,0.0022222222222221255,0.0022222222222221255,0.0022222222222221255,0.0022222222222221255,0.0022222222222221255,0.0022222222222221255,0.0022222222222221255,0.0022222222222221255,0.0022222222222221255,0.0022222222222221255,0.0022222222222221255,0.0022222222222221255,
0.004444444444444251,-0.508888888888889,-0.26,-0.18888888888888888,-0.1511111111111112,-0.1577777777777778,-0.15333333333333332,-0.18666666666666676,-0.1711111111111112,-0.11555555555555563,-0.18222222222222229,-0.16666666666666674,-0.1644444444444444,-0.1711111111111112,-0.11777777777777776,-0.15333333333333332,-0.15555555555555545,-0.18222222222222229,-0.16222222222222227,-0.14666666666666672,-0.15999999999999992,-0.14888888888888885,-0.30222222222222217,-0.16888888888888887,-0.15333333333333332,-0.1577777777777778,-0.12444444444444436,-0.19555555555555548,-0.14888888888888885,-0.26888888888888896,-0.18666666666666676,0.0022222222222221255,0.0022222222222221255,0.0022222222222221255,0.0022222222222221255,0.0022222222222221255,0.0022222222222221255,0.0022222222222221255,0.0022222222222221255,0.0022222222222221255,0.0022222222222221255,0.0022222222222221255,0.0022222222222221255,0.0022222222222221255,0.0022222222222221255,0.0022222222222221255,0.0022222222222221255,0.0022222222222221255,0.0022222222222221255,0.0022222222222221255,0.0022222222222221255,
0.004444444444444251,-0.4733333333333334,-0.2466666666666666,-0.17333333333333334,-0.13777777777777778,-0.13777777777777778,-0.1399999999999999,-0.17555555555555546,-0.1577777777777778,-0.10444444444444434,-0.16666666666666674,-0.15333333333333332,-0.15333333333333332,-0.1577777777777778,-0.10444444444444434,-0.14444444444444438,-0.14222222222222225,-0.16888888888888887,-0.14666666666666672,-0.1333333333333333,-0.14666666666666672,-0.13777777777777778,-0.2844444444444445,-0.15999999999999992,-0.14222222222222225,-0.14444444444444438,-0.11111111111111116,-0.18222222222222229,-0.1333333333333333,-0.24,-0.16888888888888887,0.0022222222222221255,0.0022222222222221255,0.0022222222222221255,0.0022222222222221255,0.0022222222222221255,0.0022222222222221255,0.0022222222222221255,0.0022222222222221255,0.0022222222222221255,0.0022222222222221255,0.0022222222222221255,0.0022222222222221255,0.0022222222222221255,0.0022222222222221255,0.0022222222222221255,0.0022222222222221255,0.0022222222222221255,0.0022222222222221255,0.0022222222222221255,0.0022222222222221255,
0.004444444444444251,-0.4733333333333334,-0.23777777777777787,-0.15555555555555545,-0.12444444444444436,-0.13111111111111118,-0.12888888888888883,-0.15999999999999992,-0.14222222222222225,-0.09111111111111114,-0.15555555555555545,-0.13777777777777778,-0.14222222222222225,-0.14444444444444438,-0.09111111111111114,-0.12888888888888883,-0.1266666666666667,-0.14444444444444438,-0.13777777777777778,-0.11555555555555563,-0.13111111111111118,-0.12222222222222223,-0.2711111111111111,-0.14444444444444438,-0.12444444444444436,-0.13111111111111118,-0.09777777777777774,-0.16888888888888887,-0.1200000000000001,-0.22222222222222232,-0.15555555555555545,0.0022222222222221255,0.0022222222222221255,0.0022222222222221255,0.0022222222222221255,0.0022222222222221255,0.0022222222222221255,0.0022222222222221255,0.0022222222222221255,0.0022222222222221255,0.0022222222222221255,0.0022222222222221255,0.0022222222222221255,0.0022222222222221255,0.0022222222222221255,0.0022222222222221255,0.0022222222222221255,0.0022222222222221255,0.0022222222222221255,0.0022222222222221255,0.0022222222222221255,
0.004444444444444251,-0.4733333333333334,-0.2333333333333334,-0.14222222222222225,-0.11111111111111116,-0.12222222222222223,-0.11555555555555563,-0.14888888888888885,-0.12888888888888883,-0.07777777777777772,-0.14222222222222225,-0.12444444444444436,-0.12444444444444436,-0.12888888888888883,-0.08000000000000007,-0.11555555555555563,-0.11333333333333329,-0.13555555555555565,-0.12444444444444436,-0.10000000000000009,-0.11777777777777776,-0.10666666666666669,-0.2577777777777779,-0.13111111111111118,-0.11111111111111116,-0.11777777777777776,-0.08666666666666667,-0.15333333333333332,-0.10666666666666669,-0.21333333333333337,-0.1399999999999999,0.0022222222222221255,0.0022222222222221255,0.0022222222222221255,0.0022222222222221255,0.0022222222222221255,0.0022222222222221255,0.0022222222222221255,0.0022222222222221255,0.0022222222222221255,0.0022222222222221255,0.0022222222222221255,0.0022222222222221255,0.0022222222222221255,0.0022222222222221255,0.0022222222222221255,0.0022222222222221255,0.0022222222222221255,0.0022222222222221255,0.0022222222222221255,0.0022222222222221255,
0.004444444444444251,-0.4177777777777778,-0.22888888888888892,-0.12444444444444436,-0.09777777777777774,-0.10888888888888881,-0.10000000000000009,-0.13111111111111118,-0.11111111111111116,-0.06444444444444453,-0.13555555555555565,-0.10888888888888881,-0.10888888888888881,-0.11555555555555563,-0.06666666666666665,-0.09777777777777774,-0.10000000000000009,-0.1200000000000001,-0.10888888888888881,-0.08444444444444454,-0.10222222222222221,-0.09333333333333327,-0.2466666666666666,-0.11111111111111116,-0.09555555555555562,-0.10444444444444434,-0.0755555555555556,-0.13777777777777778,-0.09333333333333327,-0.19555555555555548,-0.1266666666666667,0.0022222222222221255,0.0022222222222221255,0.0022222222222221255,0.0022222222222221255,0.0022222222222221255,0.0022222222222221255,0.0022222222222221255,0.0022222222222221255,0.0022222222222221255,0.0022222222222221255,0.0022222222222221255,0.0022222222222221255,0.0022222222222221255,0.0022222222222221255,0.0022222222222221255,0.0022222222222221255,0.0022222222222221255,0.0022222222222221255,0.0022222222222221255,0.0022222222222221255,
0.004444444444444251,-0.4177777777777778,-0.2088888888888889,-0.11333333333333329,-0.08444444444444454,-0.09333333333333327,-0.0888888888888888,-0.11333333333333329,-0.09555555555555562,-0.05111111111111111,-0.11777777777777776,-0.09555555555555562,-0.09111111111111114,-0.10000000000000009,-0.05555555555555558,-0.0822222222222222,-0.08444444444444454,-0.11111111111111116,-0.09333333333333327,-0.0755555555555556,-0.0888888888888888,-0.08000000000000007,-0.2088888888888889,-0.09777777777777774,-0.0822222222222222,-0.0888888888888888,-0.06222222222222218,-0.1200000000000001,-0.07777777777777772,-0.16888888888888887,-0.11111111111111116,0.0022222222222221255,0.0022222222222221255,0.0022222222222221255,0.0022222222222221255,0.0022222222222221255,0.0022222222222221255,0.0022222222222221255,0.0022222222222221255,0.0022222222222221255,0.0022222222222221255,0.0022222222222221255,0.0022222222222221255,0.0022222222222221255,0.0022222222222221255,0.0022222222222221255,0.0022222222222221255,0.0022222222222221255,0.0022222222222221255,0.0022222222222221255,0.0022222222222221255,
0.004444444444444251,-0.3999999999999999,-0.19999999999999996,-0.09555555555555562,-0.06666666666666665,-0.07777777777777772,-0.07333333333333325,-0.10000000000000009,-0.0822222222222222,-0.03777777777777769,-0.08666666666666667,-0.07777777777777772,-0.07333333333333325,-0.08444444444444454,-0.040000000000000036,-0.06222222222222218,-0.068888888888889,-0.09777777777777774,-0.07777777777777772,-0.06000000000000005,-0.07333333333333325,-0.06444444444444453,-0.191111111111111,-0.08444444444444454,-0.06666666666666665,-0.07333333333333325,-0.04888888888888898,-0.10666666666666669,-0.06222222222222218,-0.14444444444444438,-0.09333333333333327,0.0022222222222221255,0.0022222222222221255,0.0022222222222221255,0.0022222222222221255,0.0022222222222221255,0.0022222222222221255,0.0022222222222221255,0.0022222222222221255,0.0022222222222221255,0.0022222222222221255,0.0022222222222221255,0.0022222222222221255,0.0022222222222221255,0.0022222222222221255,0.0022222222222221255,0.0022222222222221255,0.0022222222222221255,0.0022222222222221255,0.0022222222222221255,0.0022222222222221255,
0.004444444444444251,-0.3999999999999999,-0.191111111111111,-0.0822222222222222,-0.05111111111111111,-0.057777777777777706,-0.05555555555555558,-0.08666666666666667,-0.06444444444444453,-0.022222222222222143,-0.06444444444444453,-0.06222222222222218,-0.05333333333333323,-0.068888888888889,-0.02444444444444449,-0.046666666666666634,-0.05333333333333323,-0.07777777777777772,-0.06222222222222218,-0.04444444444444451,-0.057777777777777706,-0.046666666666666634,-0.17555555555555546,-0.068888888888889,-0.05111111111111111,-0.05555555555555558,-0.03333333333333344,-0.09333333333333327,-0.046666666666666634,-0.11777777777777776,-0.0755555555555556,0.0022222222222221255,0.0022222222222221255,0.0022222222222221255,0.0022222222222221255,0.0022222222222221255,0.0022222222222221255,0.0022222222222221255,0.0022222222222221255,0.0022222222222221255,0.0022222222222221255,0.0022222222222221255,0.0022222222222221255,0.0022222222222221255,0.0022222222222221255,0.0022222222222221255,0.0022222222222221255,0.0022222222222221255,0.0022222222222221255,0.0022222222222221255,0.0022222222222221255,
0.004444444444444251,-0.3999999999999999,-0.18222222222222229,-0.06444444444444453,-0.03555555555555556,-0.03333333333333344,-0.03777777777777769,-0.06444444444444453,-0.046666666666666634,-0.011111111111111072,-0.046666666666666634,-0.04222222222222216,-0.03555555555555556,-0.05111111111111111,-0.008888888888888946,-0.026666666666666616,-0.03777777777777769,-0.06000000000000005,-0.046666666666666634,-0.03111111111111109,-0.040000000000000036,-0.03333333333333344,-0.14888888888888885,-0.05111111111111111,-0.03555555555555556,-0.04222222222222216,-0.01777777777777767,-0.0755555555555556,-0.03111111111111109,-0.09333333333333327,-0.057777777777777706,0.0022222222222221255,0.0022222222222221255,0.0022222222222221255,0.0022222222222221255,0.0022222222222221255,0.0022222222222221255,0.0022222222222221255,0.0022222222222221255,0.0022222222222221255,0.0022222222222221255,0.0022222222222221255,0.0022222222222221255,0.0022222222222221255,0.0022222222222221255,0.0022222222222221255,0.0022222222222221255,0.0022222222222221255,0.0022222222222221255,0.0022222222222221255,0.0022222222222221255,
0.004444444444444251,-0.3555555555555556,-0.16666666666666674,-0.04888888888888898,-0.01777777777777767,-0.022222222222222143,-0.020000000000000018,-0.04888888888888898,-0.028888888888888964,0.0022222222222221255,-0.022222222222222143,-0.02444444444444449,-0.01333333333333342,-0.03333333333333344,0.0022222222222221255,-0.01333333333333342,-0.020000000000000018,-0.04888888888888898,-0.02444444444444449,-0.015555555555555545,-0.02444444444444449,-0.020000000000000018,-0.1333333333333333,-0.03555555555555556,-0.015555555555555545,-0.02444444444444449,-0.0022222222222221255,-0.06222222222222218,-0.01333333333333342,-0.07111111111111112,-0.03777777777777769,0.0022222222222221255,0.0022222222222221255,0.0022222222222221255,0.0022222222222221255,0.0022222222222221255,0.0022222222222221255,0.0022222222222221255,0.0022222222222221255,0.0022222222222221255,0.0022222222222221255,0.0022222222222221255,0.0022222222222221255,0.0022222222222221255,0.0022222222222221255,0.0022222222222221255,0.0022222222222221255,0.0022222222222221255,0.0022222222222221255,0.0022222222222221255,0.0022222222222221255,
0.004444444444444251,-0.3555555555555556,-0.1200000000000001,-0.022222222222222143,0.0022222222222221255,-0.004444444444444473,0.0022222222222221255,-0.03333333333333344,-0.008888888888888946,0.0022222222222221255,-0.0022222222222221255,-0.008888888888888946,0.0022222222222221255,-0.01333333333333342,0.0022222222222221255,-0.0022222222222221255,0.0,-0.028888888888888964,-0.008888888888888946,0.0022222222222221255,-0.004444444444444473,-0.004444444444444473,-0.10888888888888881,-0.015555555555555545,0.0022222222222221255,-0.004444444444444473,0.0022222222222221255,-0.03777777777777769,0.0022222222222221255,-0.046666666666666634,-0.022222222222222143,0.0022222222222221255,0.0022222222222221255,0.0022222222222221255,0.0022222222222221255,0.0022222222222221255,0.0022222222222221255,0.0022222222222221255,0.0022222222222221255,0.0022222222222221255,0.0022222222222221255,0.0022222222222221255,0.0022222222222221255,0.0022222222222221255,0.0022222222222221255,0.0022222222222221255,0.0022222222222221255,0.0022222222222221255,0.0022222222222221255,0.0022222222222221255,0.0022222222222221255,
0.004444444444444251,-0.3555555555555556,-0.09777777777777774,0.0022222222222221255,0.0022222222222221255,0.0022222222222221255,0.0022222222222221255,-0.015555555555555545,0.0022222222222221255,0.0022222222222221255,0.0022222222222221255,0.0022222222222221255,0.0022222222222221255,0.0022222222222221255,0.0022222222222221255,0.0022222222222221255,0.0022222222222221255,-0.011111111111111072,0.0022222222222221255,0.0022222222222221255,0.0022222222222221255,0.0022222222222221255,-0.09111111111111114,0.0022222222222221255,0.0022222222222221255,0.0022222222222221255,0.0022222222222221255,-0.02444444444444449,0.0022222222222221255,-0.01777777777777767,-0.0022222222222221255,0.0022222222222221255,0.0022222222222221255,0.0022222222222221255,0.0022222222222221255,0.0022222222222221255,0.0022222222222221255,0.0022222222222221255,0.0022222222222221255,0.0022222222222221255,0.0022222222222221255,0.0022222222222221255,0.0022222222222221255,0.0022222222222221255,0.0022222222222221255,0.0022222222222221255,0.0022222222222221255,0.0022222222222221255,0.0022222222222221255,0.0022222222222221255,0.0022222222222221255,
0.004444444444444251,-0.3422222222222222,-0.07333333333333325,0.0022222222222221255,0.0022222222222221255,0.0022222222222221255,0.0022222222222221255,0.0022222222222221255,0.0022222222222221255,0.0022222222222221255,0.0022222222222221255,0.0022222222222221255,0.0022222222222221255,0.0022222222222221255,0.0022222222222221255,0.0022222222222221255,0.0022222222222221255,0.0022222222222221255,0.0022222222222221255,0.0022222222222221255,0.0022222222222221255,0.0022222222222221255,-0.06444444444444453,0.0022222222222221255,0.0022222222222221255,0.0022222222222221255,0.0022222222222221255,0.0,0.0022222222222221255,0.0,0.0022222222222221255,0.0022222222222221255,0.0022222222222221255,0.0022222222222221255,0.0022222222222221255,0.0022222222222221255,0.0022222222222221255,0.0022222222222221255,0.0022222222222221255,0.0022222222222221255,0.0022222222222221255,0.0022222222222221255,0.0022222222222221255,0.0022222222222221255,0.0022222222222221255,0.0022222222222221255,0.0022222222222221255,0.0022222222222221255,0.0022222222222221255,0.0022222222222221255,0.0022222222222221255,
0.004444444444444251,-0.3422222222222222,-0.068888888888889,0.0022222222222221255,0.0022222222222221255,0.0022222222222221255,0.0022222222222221255,0.0022222222222221255,0.0022222222222221255,0.0022222222222221255,0.0022222222222221255,0.0022222222222221255,0.0022222222222221255,0.0022222222222221255,0.0022222222222221255,0.0022222222222221255,0.0022222222222221255,0.0022222222222221255,0.0022222222222221255,0.0022222222222221255,0.0022222222222221255,0.0022222222222221255,-0.03777777777777769,0.0022222222222221255,0.0022222222222221255,0.0022222222222221255,0.0022222222222221255,0.0022222222222221255,0.0022222222222221255,0.0022222222222221255,0.0022222222222221255,0.0022222222222221255,0.0022222222222221255,0.0022222222222221255,0.0022222222222221255,0.0022222222222221255,0.0022222222222221255,0.0022222222222221255,0.0022222222222221255,0.0022222222222221255,0.0022222222222221255,0.0022222222222221255,0.0022222222222221255,0.0022222222222221255,0.0022222222222221255,0.0022222222222221255,0.0022222222222221255,0.0022222222222221255,0.0022222222222221255,0.0022222222222221255,0.0022222222222221255,
0.004444444444444251,-0.3422222222222222,-0.057777777777777706,0.0022222222222221255,0.0022222222222221255,0.0022222222222221255,0.0022222222222221255,0.0022222222222221255,0.0022222222222221255,0.0022222222222221255,0.0022222222222221255,0.0022222222222221255,0.0022222222222221255,0.0022222222222221255,0.0022222222222221255,0.0022222222222221255,0.0022222222222221255,0.0022222222222221255,0.0022222222222221255,0.0022222222222221255,0.0022222222222221255,0.0022222222222221255,-0.004444444444444473,0.0022222222222221255,0.0022222222222221255,0.0022222222222221255,0.0022222222222221255,0.0022222222222221255,0.0022222222222221255,0.0022222222222221255,0.0022222222222221255,0.0022222222222221255,0.0022222222222221255,0.0022222222222221255,0.0022222222222221255,0.0022222222222221255,0.0022222222222221255,0.0022222222222221255,0.0022222222222221255,0.0022222222222221255,0.0022222222222221255,0.0022222222222221255,0.0022222222222221255,0.0022222222222221255,0.0022222222222221255,0.0022222222222221255,0.0022222222222221255,0.0022222222222221255,0.0022222222222221255,0.0022222222222221255,0.0022222222222221255,
0.004444444444444251,-0.3422222222222222,-0.015555555555555545,0.0022222222222221255,0.0022222222222221255,0.0022222222222221255,0.0022222222222221255,0.0022222222222221255,0.0022222222222221255,0.0022222222222221255,0.0022222222222221255,0.0022222222222221255,0.0022222222222221255,0.0022222222222221255,0.0022222222222221255,0.0022222222222221255,0.0022222222222221255,0.0022222222222221255,0.0022222222222221255,0.0022222222222221255,0.0022222222222221255,0.0022222222222221255,0.0022222222222221255,0.0022222222222221255,0.0022222222222221255,0.0022222222222221255,0.0022222222222221255,0.0022222222222221255,0.0022222222222221255,0.0022222222222221255,0.0022222222222221255,0.0022222222222221255,0.0022222222222221255,0.0022222222222221255,0.0022222222222221255,0.0022222222222221255,0.0022222222222221255,0.0022222222222221255,0.0022222222222221255,0.0022222222222221255,0.0022222222222221255,0.0022222222222221255,0.0022222222222221255,0.0022222222222221255,0.0022222222222221255,0.0022222222222221255,0.0022222222222221255,0.0022222222222221255,0.0022222222222221255,0.0022222222222221255,0.0022222222222221255,
0.004444444444444251,-0.3422222222222222,0.0022222222222221255,0.0022222222222221255,0.0022222222222221255,0.0022222222222221255,0.0022222222222221255,0.0022222222222221255,0.0022222222222221255,0.0022222222222221255,0.0022222222222221255,0.0022222222222221255,0.0022222222222221255,0.0022222222222221255,0.0022222222222221255,0.0022222222222221255,0.0022222222222221255,0.0022222222222221255,0.0022222222222221255,0.0022222222222221255,0.0022222222222221255,0.0022222222222221255,0.0022222222222221255,0.0022222222222221255,0.0022222222222221255,0.0022222222222221255,0.0022222222222221255,0.0022222222222221255,0.0022222222222221255,0.0022222222222221255,0.0022222222222221255,0.0022222222222221255,0.0022222222222221255,0.0022222222222221255,0.0022222222222221255,0.0022222222222221255,0.0022222222222221255,0.0022222222222221255,0.0022222222222221255,0.0022222222222221255,0.0022222222222221255,0.0022222222222221255,0.0022222222222221255,0.0022222222222221255,0.0022222222222221255,0.0022222222222221255,0.0022222222222221255,0.0022222222222221255,0.0022222222222221255,0.0022222222222221255,0.0022222222222221255,
0.004444444444444251,-0.15333333333333332,0.0022222222222221255,0.0022222222222221255,0.0022222222222221255,0.0022222222222221255,0.0022222222222221255,0.0022222222222221255,0.0022222222222221255,0.0022222222222221255,0.0022222222222221255,0.0022222222222221255,0.0022222222222221255,0.0022222222222221255,0.0022222222222221255,0.0022222222222221255,0.0022222222222221255,0.0022222222222221255,0.0022222222222221255,0.0022222222222221255,0.0022222222222221255,0.0022222222222221255,0.0022222222222221255,0.0022222222222221255,0.0022222222222221255,0.0022222222222221255,0.0022222222222221255,0.0022222222222221255,0.0022222222222221255,0.0022222222222221255,0.0022222222222221255,0.0022222222222221255,0.0022222222222221255,0.0022222222222221255,0.0022222222222221255,0.0022222222222221255,0.0022222222222221255,0.0022222222222221255,0.0022222222222221255,0.0022222222222221255,0.0022222222222221255,0.0022222222222221255,0.0022222222222221255,0.0022222222222221255,0.0022222222222221255,0.0022222222222221255,0.0022222222222221255,0.0022222222222221255,0.0022222222222221255,0.0022222222222221255,0.0022222222222221255,
0.004444444444444251,-0.15333333333333332,0.0022222222222221255,0.0022222222222221255,0.0022222222222221255,0.0022222222222221255,0.0022222222222221255,0.0022222222222221255,0.0022222222222221255,0.0022222222222221255,0.0022222222222221255,0.0022222222222221255,0.0022222222222221255,0.0022222222222221255,0.0022222222222221255,0.0022222222222221255,0.0022222222222221255,0.0022222222222221255,0.0022222222222221255,0.0022222222222221255,0.0022222222222221255,0.0022222222222221255,0.0022222222222221255,0.0022222222222221255,0.0022222222222221255,0.0022222222222221255,0.0022222222222221255,0.0022222222222221255,0.0022222222222221255,0.0022222222222221255,0.0022222222222221255,0.0022222222222221255,0.0022222222222221255,0.0022222222222221255,0.0022222222222221255,0.0022222222222221255,0.0022222222222221255,0.0022222222222221255,0.0022222222222221255,0.0022222222222221255,0.0022222222222221255,0.0022222222222221255,0.0022222222222221255,0.0022222222222221255,0.0022222222222221255,0.0022222222222221255,0.0022222222222221255,0.0022222222222221255,0.0022222222222221255,0.0022222222222221255,0.0022222222222221255,
